Date,Tm,Opp,R,RA,W/L
2022-03-20,STL,NYM,4,5,L
2022-03-20,SDP,SEA,2,2,W
2022-03-20,KCR,OAK,4,5,L
2022-03-20,ATL,BOS,6,4,W
2022-03-20,NYM,TEX,5,3,W
2022-03-20,MIA,WSN,1,4,L
2022-03-20,CHW,BOS,1,1,L
2022-03-20,MIN,TEX,9,7,W
2022-03-20,CIN,MIA,3,3,W
2022-03-20,SEA,TEX,4,4,W
2022-03-20,BAL,OAK,7,7,W
2022-03-20,TEX,CIN,4,3,W
2022-03-20,LAA,MIN,3,4,L
2022-03-20,SFG,ARI,1,6,L
2022-03-20,TOR,OAK,5,6,L
2022-03-21,TBR,BAL,2,3,L
2022-03-21,MIL,CIN,4,6,L
2022-03-21,DET,WSN,6,5,W
2022-03-21,BOS,SDP,5,4,W
2022-03-22,LAD,NYY,4,4,W
2022-03-22,HOU,STL,4,2,W
2022-03-22,CLE,COL,2,5,L
2022-03-22,STL,TOR,5,5,L
2022-03-22,SFG,NYY,3,4,L
2022-03-22,CHC,CHW,4,5,L
2022-03-22,CHC,BAL,6,5,W
2022-03-22,BAL,CHC,3,3,L
2022-03-22,WSN,MIL,5,4,W
2022-03-22,PIT,BAL,2,4,L
2022-03-22,TOR,SFG,6,7,L
2022-03-22,PHI,LAD,3,1,W
2022-03-22,OAK,NYM,8,1,W
2022-03-22,DET,ATL,3,7,L
2022-03-22,ATL,TBR,6,4,W
2022-03-22,ARI,LAA,3,8,L
2022-03-22,COL,MIL,2,4,L
2022-03-22,NYY,PHI,4,4,L
2022-03-22,CHW,ARI,3,7,L
2022-03-23,MIA,STL,5,5,L
2022-03-23,NYM,ARI,6,3,W
2022-03-23,WSN,PHI,2,5,L
2022-03-23,MIL,COL,3,9,L
2022-03-23,KCR,ARI,3,3,L
2022-03-23,CLE,ARI,2,5,L
2022-03-23,LAD,PHI,0,3,L
2022-03-23,PIT,KCR,5,5,L
2022-03-23,NYY,SDP,3,1,W
2022-03-23,HOU,KCR,1,6,L
2022-03-23,TBR,CHW,2,5,L
2022-03-23,TEX,TBR,4,5,L
2022-03-23,SEA,COL,2,11,L
2022-03-24,NYM,SDP,5,4,W
2022-03-24,BAL,WSN,5,2,W
2022-03-24,COL,STL,5,7,L
2022-03-24,LAD,TEX,2,4,L
2022-03-24,NYY,OAK,4,4,L
2022-03-24,LAA,MIN,1,1,L
2022-03-24,SDP,LAA,4,5,L
2022-03-24,OAK,STL,5,1,W
2022-03-24,CHC,MIA,4,5,L
2022-03-24,MIN,PIT,5,5,L
2022-03-24,BOS,SFG,5,7,L
2022-03-24,TBR,TOR,6,3,W
2022-03-24,DET,COL,6,6,L
2022-03-24,ARI,OAK,2,6,L
2022-03-24,CHW,MIL,7,7,W
2022-03-24,CIN,BOS,5,8,L
2022-03-24,COL,SFG,1,2,L
2022-03-24,MIA,NYY,2,4,L
2022-03-24,PHI,PIT,3,3,L
2022-03-24,BOS,NYM,2,13,L
2022-03-25,SDP,CHC,6,0,W
2022-03-25,PIT,TBR,5,5,L
2022-03-25,TOR,BOS,9,1,W
2022-03-25,MIL,CHW,2,5,L
2022-03-25,SFG,MIL,4,5,L
2022-03-25,CIN,LAD,3,5,L
2022-03-25,KCR,ATL,2,10,L
2022-03-25,ATL,CLE,3,3,L
2022-03-25,HOU,PIT,5,8,L
2022-03-25,OAK,PHI,10,4,W
2022-03-25,MIN,STL,3,3,W
2022-03-26,LAA,SDP,7,5,W
2022-03-26,PHI,WSN,2,3,L
2022-03-26,ARI,HOU,1,3,L
2022-03-26,WSN,MIA,6,4,W
2022-03-26,COL,BOS,4,4,W
2022-03-26,TEX,BOS,3,2,W
2022-03-26,TBR,CLE,3,3,W
2022-03-26,BAL,SEA,4,3,W
2022-03-26,SEA,DET,7,2,W
2022-03-26,SEA,ATL,7,1,W
2022-03-26,STL,MIN,3,5,L
2022-03-26,STL,PHI,2,9,L
2022-03-26,CLE,PHI,4,0,W
2022-03-26,CLE,ATL,2,6,L
2022-03-26,NYM,SEA,3,5,L
2022-03-26,LAD,COL,3,3,L
2022-03-27,OAK,BAL,4,2,W
2022-03-27,MIA,LAD,4,4,L
2022-03-27,ATL,PHI,5,3,W
2022-03-27,DET,COL,5,4,W
2022-03-27,PHI,ARI,7,11,L
2022-03-27,NYY,MIA,1,10,L
2022-03-27,CHW,NYY,7,2,W
2022-03-27,TEX,WSN,6,3,W
2022-03-27,WSN,NYM,5,3,W
2022-03-27,HOU,TOR,4,8,L
2022-03-27,CIN,DET,6,8,L
2022-03-27,ARI,LAD,3,4,L
2022-03-27,SDP,DET,6,1,W
2022-03-28,SFG,LAA,7,4,W
2022-03-28,PIT,STL,3,5,L
2022-03-28,LAA,TBR,2,0,W
2022-03-28,TOR,NYM,8,10,L
2022-03-28,MIL,CHC,1,3,L
2022-03-28,BOS,CLE,4,4,W
2022-03-28,KCR,STL,1,4,L
2022-03-28,MIN,STL,4,2,W
2022-03-28,CHC,TBR,2,6,L
2022-03-29,DET,OAK,8,1,W
2022-03-29,CHW,MIL,4,3,W
2022-03-29,TEX,DET,4,1,W
2022-03-29,KCR,PHI,3,4,L
2022-03-29,CHC,TEX,3,6,L
2022-03-29,CIN,DET,4,7,L
2022-03-29,PHI,COL,3,9,L
2022-03-29,STL,HOU,9,8,W
2022-03-29,COL,CLE,4,7,L
2022-03-29,PIT,CLE,4,1,W
2022-03-29,CLE,KCR,2,2,L
2022-03-29,SFG,OAK,4,4,W
2022-03-29,NYM,COL,4,3,W
2022-03-30,MIN,CHW,5,2,W
2022-03-30,SDP,CLE,3,4,L
2022-03-30,NYY,MIA,5,4,W
2022-03-30,BOS,ATL,4,2,W
2022-03-30,ARI,COL,4,6,L
2022-03-30,TOR,PHI,3,2,W
2022-03-30,MIA,MIN,4,5,L
2022-03-30,ATL,CHW,6,1,W
2022-03-30,TBR,ATL,4,3,W
2022-03-31,LAA,MIA,7,4,W
2022-03-31,NYY,DET,7,5,W
2022-03-31,WSN,PHI,9,3,W
2022-03-31,MIL,CHC,3,4,L
2022-03-31,MIL,BAL,3,2,W
2022-03-31,SFG,SDP,7,3,W
2022-03-31,MIA,ATL,1,4,L
2022-03-31,MIN,CHW,1,7,L
2022-03-31,PHI,MIL,2,6,L
2022-03-31,TEX,SEA,3,11,L
2022-03-31,DET,SDP,3,7,L
2022-03-31,TOR,CIN,4,4,W
2022-03-31,LAD,DET,2,6,L
2022-03-31,OAK,HOU,0,8,L
2022-03-31,OAK,STL,4,4,W
2022-03-31,CHW,DET,4,4,W
2022-03-31,BAL,OAK,3,2,W
2022-03-31,ARI,TEX,5,3,W
2022-03-31,CHC,CIN,3,3,W
2022-03-31,SDP,SFG,10,1,W
2022-03-31,SEA,TOR,4,2,W
2022-03-31,HOU,COL,4,4,L
2022-04-01,PIT,CHW,7,7,L
2022-04-01,SEA,DET,2,8,L
2022-04-01,COL,NYY,4,4,W
2022-04-01,NYM,PHI,3,2,W
2022-04-01,CIN,STL,2,6,L
2022-04-01,KCR,CHW,10,7,W
2022-04-01,STL,COL,5,4,W
2022-04-01,LAA,SEA,1,3,L
2022-04-01,WSN,KCR,2,3,L
2022-04-02,HOU,OAK,7,8,L
2022-04-02,BAL,TEX,4,9,L
2022-04-02,OAK,MIA,2,5,L
2022-04-02,BAL,PHI,5,3,W
2022-04-02,TEX,NYM,4,5,L
2022-04-02,SDP,MIL,5,10,L
2022-04-02,TBR,MIL,3,3,W
2022-04-02,TBR,KCR,8,9,L
2022-04-02,PHI,TOR,2,10,L
2022-04-02,ATL,STL,4,1,W
2022-04-02,CLE,TBR,3,2,W
2022-04-02,TOR,CHC,6,6,W
2022-04-02,LAD,LAA,6,2,W
2022-04-02,BOS,HOU,5,4,W
2022-04-03,CHW,STL,4,5,L
2022-04-03,LAD,HOU,4,4,L
2022-04-03,PIT,TEX,5,5,L
2022-04-03,NYM,WSN,7,5,W
2022-04-03,CLE,ATL,4,7,L
2022-04-03,BOS,CHC,3,7,L
2022-04-03,STL,HOU,4,4,W
2022-04-03,MIN,STL,4,5,L
2022-04-03,NYY,SEA,5,6,L
2022-04-03,KCR,MIL,3,3,W
2022-04-04,BAL,ARI,2,8,L
2022-04-04,HOU,ATL,7,3,W
2022-04-04,LAA,KCR,2,4,L
2022-04-04,SDP,CHW,3,4,L
2022-04-04,WSN,LAD,2,2,L
2022-04-04,WSN,DET,1,4,L
2022-04-04,DET,BAL,9,8,W
2022-04-04,COL,LAA,3,4,L
2022-04-04,SEA,CHC,3,10,L
2022-04-04,PHI,BAL,5,5,W
2022-04-04,DET,LAA,6,7,L
2022-04-04,LAA,LAD,3,5,L
2022-04-04,BOS,ARI,2,7,L
2022-04-04,CHW,ATL,6,7,L
2022-04-04,CHC,OAK,6,3,W
2022-04-04,ATL,KCR,6,7,L
2022-04-04,MIA,COL,5,3,W
2022-04-04,ATL,TEX,3,6,L
2022-04-04,ARI,PHI,4,4,L
2022-04-04,ARI,KCR,7,6,W
2022-04-04,SFG,HOU,6,4,W
2022-04-04,CIN,STL,7,6,W
2022-04-04,MIN,TEX,5,2,W
2022-04-04,SFG,KCR,4,8,L
2022-04-04,MIL,ARI,6,4,W
2022-04-05,CHC,KCR,2,3,L
2022-04-05,MIL,OAK,2,4,L
2022-04-05,TOR,COL,5,3,W
2022-04-05,MIA,SDP,4,5,L
2022-04-05,STL,CHC,5,3,W
2022-04-06,LAD,OAK,4,4,L
2022-04-06,CLE,DET,3,5,L
2022-04-06,KCR,WSN,3,4,L
2022-04-06,NYY,PHI,6,5,W
2022-04-06,COL,SEA,5,4,W
2022-04-06,SEA,ARI,3,3,L
2022-04-06,TBR,BAL,5,5,L
2022-04-06,NYM,CHW,6,3,W
2022-04-06,OAK,STL,1,2,L
2022-04-06,CIN,ATL,4,6,L
2022-04-06,TEX,SDP,5,1,W
2022-04-06,HOU,NYY,2,3,L
2022-04-06,PIT,CHC,5,3,W
2022-04-07,OAK,ARI,7,1,W
2022-04-07,LAA,SDP,6,7,L
2022-04-07,NYY,OAK,2,5,L
2022-04-07,TBR,LAA,4,6,L
2022-04-07,ATL,PIT,2,4,L
2022-04-07,CLE,CHW,5,5,W
2022-04-07,SDP,NYM,5,5,L
2022-04-07,PHI,WSN,2,6,L
2022-04-07,LAD,COL,7,1,W
2022-04-07,CIN,CLE,2,0,W
2022-04-08,TOR,MIA,7,4,W
2022-04-08,MIN,DET,4,1,W
2022-04-08,ARI,CIN,6,2,W
2022-04-08,SFG,NYM,7,7,W
2022-04-08,KCR,ATL,3,0,W
2022-04-08,COL,OAK,4,11,L
2022-04-08,SEA,TEX,3,3,W
2022-04-08,STL,TBR,4,3,W
2022-04-08,MIA,ATL,1,3,L
2022-04-08,BAL,BOS,4,3,W
2022-04-08,CHW,TBR,7,5,W
2022-04-09,DET,KCR,6,3,W
2022-04-09,MIA,CHW,5,4,W
2022-04-09,MIL,WSN,3,7,L
2022-04-09,BOS,CHW,7,5,W
2022-04-09,MIL,OAK,8,2,W
2022-04-09,TEX,BOS,4,2,W
2022-04-09,PIT,CHW,6,7,L
2022-04-09,SEA,MIA,4,7,L
2022-04-09,KCR,COL,7,6,W
2022-04-09,TBR,CIN,3,5,L
2022-04-09,NYM,SFG,6,2,W
2022-04-09,CHC,ATL,5,6,L
2022-04-09,LAA,MIA,7,5,W
2022-04-09,CHW,WSN,1,2,L
2022-04-09,TEX,SDP,3,6,L
2022-04-09,STL,ATL,4,4,L
2022-04-09,WSN,ATL,1,3,L
2022-04-09,HOU,MIN,10,5,W
2022-04-10,ATL,SFG,7,6,W
2022-04-10,CIN,TBR,5,6,L
2022-04-10,DET,MIL,2,3,L
2022-04-10,SFG,NYM,5,2,W
2022-04-10,OAK,HOU,9,6,W
2022-04-10,COL,KCR,2,6,L
2022-04-10,BAL,TOR,3,6,L
2022-04-10,CHC,DET,3,2,W
2022-04-11,SDP,PIT,1,5,L
2022-04-11,WSN,CHC,6,2,W
2022-04-11,MIA,STL,6,7,L
2022-04-11,TEX,LAD,8,4,W
2022-04-11,ARI,COL,6,3,W
2022-04-11,OAK,CLE,2,3,L
2022-04-11,TOR,MIL,5,7,L
2022-04-11,MIL,KCR,5,7,L
2022-04-11,MIN,PHI,8,4,W
2022-04-11,NYM,COL,4,5,L
2022-04-11,KCR,ARI,2,4,L
2022-04-11,COL,WSN,3,7,L
2022-04-11,ATL,CIN,3,9,L
2022-04-11,LAA,STL,6,5,W
2022-04-11,PIT,CHC,6,0,W
2022-04-11,NYY,COL,4,4,W
2022-04-11,HOU,MIN,3,2,W
2022-04-11,PHI,ARI,4,7,L
2022-04-11,BOS,NYM,2,4,L
2022-04-11,BOS,TBR,7,6,W
2022-04-11,LAD,HOU,2,6,L
2022-04-11,LAD,ARI,6,5,W
2022-04-11,CLE,DET,4,5,L
2022-04-11,SEA,MIA,8,2,W
2022-04-12,SDP,SFG,3,2,W
2022-04-12,CIN,BAL,2,6,L
2022-04-12,CHC,CIN,3,7,L
2022-04-12,CLE,WSN,4,7,L
2022-04-12,PHI,SDP,3,6,L
2022-04-12,DET,SEA,5,3,W
2022-04-12,BAL,COL,7,2,W
2022-04-12,NYY,MIA,6,5,W
2022-04-13,TBR,MIA,5,4,W
2022-04-13,KCR,PHI,2,7,L
2022-04-13,STL,CHC,1,7,L
2022-04-13,SFG,ATL,5,7,L
2022-04-13,HOU,TOR,4,4,W
2022-04-13,HOU,ATL,1,5,L
2022-04-13,MIN,TEX,8,4,W
2022-04-13,TOR,PHI,4,8,L
2022-04-13,CHW,NYY,2,3,L
2022-04-13,PHI,TBR,2,5,L
2022-04-13,PIT,MIA,5,4,W
2022-04-13,TEX,BOS,3,7,L
2022-04-13,ARI,CHW,4,5,L
2022-04-13,WSN,CLE,5,4,W
2022-04-13,LAA,MIN,2,5,L
2022-04-13,CIN,KCR,3,3,W
2022-04-13,NYM,CIN,7,3,W
2022-04-13,COL,MIN,5,3,W
2022-04-13,SEA,LAA,3,3,L
2022-04-13,LAD,NYM,3,3,L
2022-04-14,WSN,TEX,5,8,L
2022-04-14,NYM,ATL,4,1,W
2022-04-14,BAL,NYM,4,5,L
2022-04-14,DET,NYY,8,4,W
2022-04-14,BOS,CHW,8,7,W
2022-04-14,TOR,TEX,6,3,W
2022-04-14,OAK,MIA,6,4,W
2022-04-14,MIA,TEX,8,5,W
2022-04-14,CLE,STL,7,6,W
2022-04-15,MIL,CHW,4,3,W
2022-04-15,SFG,CHW,2,5,L
2022-04-15,ATL,DET,6,6,W
2022-04-15,TBR,LAA,3,6,L
2022-04-15,SDP,TOR,7,4,W
2022-04-15,STL,MIL,3,2,W
2022-04-15,MIN,OAK,8,6,W
2022-04-15,ARI,SDP,5,4,W
2022-04-15,PIT,BAL,3,5,L
2022-04-15,NYY,COL,2,2,L
2022-04-15,CHW,TEX,4,1,W
2022-04-15,CHC,CIN,6,5,W
2022-04-16,CLE,MIN,4,7,L
2022-04-16,ATL,ARI,7,4,W
2022-04-16,MIN,PHI,11,7,W
2022-04-16,OAK,SDP,6,3,W
2022-04-16,LAA,ATL,3,5,L
2022-04-16,LAD,OAK,2,3,L
2022-04-16,MIL,TBR,6,2,W
2022-04-16,ARI,KCR,6,6,L
2022-04-16,WSN,SFG,9,4,W
2022-04-16,HOU,WSN,12,4,W
2022-04-16,TOR,COL,4,5,L
2022-04-16,SEA,CHC,3,2,W
2022-04-16,STL,SFG,4,6,L
2022-04-17,SFG,LAA,6,4,W
2022-04-17,PHI,CHC,3,2,W
2022-04-17,COL,SEA,4,4,W
2022-04-17,BAL,KCR,7,4,W
2022-04-17,NYY,ATL,4,6,L
2022-04-17,DET,MIN,2,6,L
2022-04-17,BOS,PHI,8,2,W
2022-04-17,TEX,MIL,8,3,W
2022-04-17,KCR,TBR,4,3,W
2022-04-17,CIN,OAK,5,4,W
2022-04-18,NYM,MIL,2,2,L
2022-04-18,NYM,DET,4,5,L
2022-04-18,TBR,OAK,9,2,W
2022-04-18,TBR,CLE,2,3,L
2022-04-18,SDP,DET,7,2,W
2022-04-18,ATL,MIA,2,8,L
2022-04-18,LAA,CIN,4,2,W
2022-04-18,MIN,STL,2,8,L
2022-04-18,NYY,CHC,0,5,L
2022-04-18,CHC,KCR,7,2,W
2022-04-18,TOR,LAD,2,2,L
2022-04-18,OAK,DET,8,7,W
2022-04-18,MIA,LAD,3,0,W
2022-04-18,CHW,MIN,4,3,W
2022-04-18,PIT,SEA,3,3,L
2022-04-18,CHW,MIN,3,9,L
2022-04-19,SFG,LAD,3,8,L
2022-04-19,KCR,NYM,4,4,L
2022-04-19,COL,OAK,2,7,L
2022-04-19,TEX,BOS,3,3,W
2022-04-19,LAD,NYY,5,3,W
2022-04-19,WSN,TBR,4,5,L
2022-04-19,CLE,TBR,4,7,L
2022-04-19,HOU,SEA,4,4,L
2022-04-19,SDP,DET,4,5,L
2022-04-19,PIT,LAD,8,3,W
2022-04-20,DET,HOU,3,7,L
2022-04-20,BAL,PIT,5,2,W
2022-04-20,COL,LAA,5,7,L
2022-04-20,PIT,MIL,6,2,W
2022-04-20,BOS,TOR,5,4,W
2022-04-20,LAD,OAK,5,6,L
2022-04-20,SEA,CHW,4,4,L
2022-04-20,PHI,STL,5,3,W
2022-04-20,DET,BOS,6,8,L
2022-04-20,HOU,TEX,6,8,L
2022-04-20,STL,NYY,5,2,W
2022-04-20,CHC,CLE,1,8,L
2022-04-20,PHI,SEA,3,6,L
2022-04-20,ARI,TOR,5,5,W
2022-04-20,MIL,KCR,6,5,W
2022-04-20,MIA,OAK,8,5,W
2022-04-20,MIA,SFG,2,3,L
2022-04-20,STL,NYM,4,3,W
2022-04-20,WSN,MIN,12,3,W
2022-04-20,MIN,TBR,6,6,L
2022-04-20,OAK,PIT,3,7,L
2022-04-20,KCR,HOU,6,3,W
2022-04-20,TBR,SEA,4,4,W
2022-04-20,CIN,LAD,3,0,W
2022-04-21,CLE,TOR,9,7,W
2022-04-21,CHC,MIA,6,6,W
2022-04-21,TOR,STL,6,5,W
2022-04-21,NYY,ARI,4,4,W
2022-04-21,SFG,SDP,1,4,L
2022-04-21,CIN,TBR,3,3,L
2022-04-21,MIL,MIA,5,5,L
2022-04-21,SEA,ATL,6,4,W
2022-04-21,BAL,CIN,5,3,W
2022-04-21,CHW,CIN,5,7,L
2022-04-22,LAD,WSN,2,2,W
2022-04-22,ATL,TEX,4,1,W
2022-04-22,BOS,SDP,2,6,L
2022-04-22,BOS,TBR,5,4,W
2022-04-22,ARI,BOS,2,6,L
2022-04-22,NYM,ARI,2,8,L
2022-04-22,OAK,MIN,3,2,W
2022-04-22,ATL,SEA,4,8,L
2022-04-22,CIN,TEX,7,4,W
2022-04-22,KCR,OAK,3,7,L
2022-04-22,LAA,NYY,9,7,W
2022-04-22,MIN,CHW,7,3,W
2022-04-22,SDP,SEA,3,3,W
2022-04-22,WSN,TEX,7,4,W
2022-04-22,PIT,OAK,3,2,W
2022-04-22,TEX,MIL,4,1,W
2022-04-23,HOU,MIN,2,4,L
2022-04-23,SDP,NYY,8,5,W
2022-04-23,TOR,LAA,4,3,W
2022-04-23,NYM,DET,7,4,W
2022-04-23,DET,OAK,5,4,W
2022-04-23,COL,TOR,4,9,L
2022-04-23,CLE,PHI,4,4,W
2022-04-23,MIA,TBR,6,6,W
2022-04-23,TEX,SDP,5,7,L
2022-04-23,MIL,SFG,4,12,L
2022-04-23,BAL,CLE,1,5,L
2022-04-24,SEA,TOR,2,4,L
2022-04-24,SFG,COL,4,9,L
2022-04-24,CHC,TBR,6,4,W
2022-04-24,CHW,KCR,3,8,L
2022-04-24,NYY,PIT,6,6,W
2022-04-24,LAA,TBR,4,4,L
2022-04-24,PHI,ATL,3,1,W
2022-04-24,STL,SEA,4,6,L
2022-04-24,TBR,TOR,7,3,W
2022-04-24,ARI,WSN,5,2,W
2022-04-25,TBR,PHI,1,2,L
2022-04-25,SDP,CIN,7,5,W
2022-04-25,CLE,MIN,10,3,W
2022-04-25,SEA,TBR,1,6,L
2022-04-25,KCR,PIT,7,3,W
2022-04-25,BOS,COL,2,1,W
2022-04-25,WSN,COL,2,2,L
2022-04-26,MIN,PIT,5,9,L
2022-04-26,OAK,NYM,4,2,W
2022-04-26,TEX,CHC,5,4,W
2022-04-26,CHC,MIN,5,2,W
2022-04-26,HOU,PHI,9,6,W
2022-04-26,CIN,LAD,3,4,L
2022-04-26,NYY,CHW,4,3,W
2022-04-26,TOR,PIT,2,2,W
2022-04-26,STL,BAL,5,4,W
2022-04-27,DET,CHW,1,3,L
2022-04-27,CIN,CHW,5,8,L
2022-04-27,MIL,SEA,7,5,W
2022-04-27,TOR,PIT,3,6,L
2022-04-27,NYM,TEX,1,4,L
2022-04-27,NYM,NYY,4,5,L
2022-04-27,ATL,COL,6,5,W
2022-04-27,LAD,NYY,5,4,W
2022-04-27,PHI,STL,4,6,L
2022-04-27,LAA,MIN,4,2,W
2022-04-27,STL,NYY,4,2,W
2022-04-27,MIN,CLE,5,4,W
2022-04-27,PIT,KCR,3,6,L
2022-04-27,MIA,LAD,8,3,W
2022-04-27,PHI,MIA,2,3,L
2022-04-27,DET,KCR,1,5,L
2022-04-27,CHW,TEX,6,5,W
2022-04-27,NYY,PHI,12,5,W
2022-04-27,SFG,CHW,4,4,W
2022-04-27,MIA,COL,7,8,L
2022-04-27,BAL,NYY,4,4,W
2022-04-27,ARI,LAD,4,3,W
2022-04-27,COL,CIN,3,5,L
2022-04-27,BOS,TBR,4,4,L
2022-04-28,OAK,TOR,5,4,W
2022-04-28,TEX,MIL,2,4,L
2022-04-28,KCR,NYY,2,3,L
2022-04-28,CLE,COL,3,6,L
2022-04-28,SDP,KCR,5,4,W
2022-04-28,PIT,CHC,6,5,W
2022-04-28,ATL,MIA,8,2,W
2022-04-28,CHC,CHW,5,4,W
2022-04-28,TBR,ARI,4,4,L
2022-04-28,LAD,SEA,3,10,L
2022-04-28,HOU,COL,4,4,L
2022-04-28,SFG,PHI,6,6,W
2022-04-28,SEA,ATL,5,2,W
2022-04-29,CHW,BAL,3,5,L
2022-04-29,MIA,CHW,5,4,W
2022-04-29,CHC,PIT,3,3,L
2022-04-29,MIL,TBR,5,2,W
2022-04-29,WSN,LAA,1,3,L
2022-04-29,KCR,TBR,7,4,W
2022-04-29,BAL,DET,2,4,L
2022-04-29,BAL,CHC,6,6,W
2022-04-29,PIT,MIL,4,7,L
2022-04-29,TOR,NYY,6,2,W
2022-04-29,PHI,BOS,6,4,W
2022-04-29,DET,LAA,6,7,L
2022-04-29,COL,SFG,1,6,L
2022-04-29,STL,MIN,3,5,L
2022-04-29,OAK,ATL,5,3,W
2022-04-29,ARI,NYY,3,8,L
2022-04-29,CLE,BOS,6,2,W
2022-04-29,MIL,NYM,6,2,W
2022-04-29,LAA,MIN,6,4,W
2022-04-29,LAA,BAL,4,1,W
2022-04-29,SFG,ARI,2,4,L
2022-04-30,TBR,DET,7,5,W
2022-04-30,TEX,COL,6,4,W
2022-04-30,LAD,MIA,1,2,L
2022-04-30,SDP,CHW,4,7,L
2022-04-30,COL,STL,1,2,L
2022-04-30,ARI,PIT,2,8,L
2022-04-30,HOU,BAL,4,3,W
2022-05-01,CHW,HOU,2,0,W
2022-05-01,KCR,NYM,5,6,L
2022-05-01,WSN,TBR,2,2,L
2022-05-01,NYM,STL,6,2,W
2022-05-01,ATL,COL,4,4,W
2022-05-01,NYY,SDP,3,4,L
2022-05-01,BOS,MIL,1,4,L
2022-05-01,CHC,LAD,6,7,L
2022-05-01,MIN,NYM,3,4,L
2022-05-01,CIN,TBR,3,5,L
2022-05-01,CLE,SDP,6,4,W
2022-05-01,COL,BAL,6,2,W
2022-05-01,SDP,LAD,2,3,L
2022-05-01,SEA,PIT,8,6,W
2022-05-01,PHI,LAA,7,3,W
2022-05-01,TEX,CIN,4,4,L
2022-05-02,SEA,COL,0,1,L
2022-05-02,MIA,KCR,9,4,W
2022-05-02,SFG,WSN,6,3,W
2022-05-02,MIN,LAD,6,4,W
2022-05-02,CHW,HOU,3,4,L
2022-05-02,BAL,KCR,1,5,L
2022-05-02,WSN,PHI,9,7,W
2022-05-02,TBR,SEA,4,2,W
2022-05-02,NYM,SDP,4,2,W
2022-05-02,LAD,LAA,4,5,L
2022-05-02,PIT,SEA,2,7,L
2022-05-02,LAA,ATL,6,5,W
2022-05-03,TOR,ARI,3,4,L
2022-05-03,MIL,CLE,3,9,L
2022-05-03,NYY,BOS,3,9,L
2022-05-03,BOS,PHI,9,2,W
2022-05-03,DET,CHC,4,3,W
2022-05-03,ARI,WSN,1,3,L
2022-05-03,ATL,TEX,7,5,W
2022-05-03,OAK,STL,5,4,W
2022-05-03,HOU,PHI,3,6,L
2022-05-03,CIN,BOS,5,2,W
2022-05-03,STL,SDP,2,7,L
2022-05-04,NYM,TOR,2,2,W
2022-05-04,LAA,TOR,2,6,L
2022-05-04,CLE,LAD,1,8,L
2022-05-04,HOU,CHW,5,3,W
2022-05-04,CIN,TBR,3,7,L
2022-05-05,TBR,TEX,4,5,L
2022-05-05,MIL,BAL,3,7,L
2022-05-05,ARI,WSN,5,6,L
2022-05-05,TOR,NYY,5,4,W
2022-05-05,CHW,MIL,3,3,W
2022-05-05,NYY,KCR,3,5,L
2022-05-05,ATL,TOR,6,1,W
2022-05-05,TEX,OAK,4,2,W
2022-05-05,BOS,COL,5,5,L
2022-05-05,SEA,CHW,4,4,W
2022-05-05,DET,MIA,5,4,W
2022-05-05,SDP,WSN,2,4,L
2022-05-06,ATL,PIT,5,3,W
2022-05-06,TBR,NYM,3,3,W
2022-05-06,STL,BOS,2,3,L
2022-05-06,KCR,ATL,4,6,L
2022-05-06,PHI,TOR,6,8,L
2022-05-06,STL,MIN,5,4,W
2022-05-06,COL,BOS,5,2,W
2022-05-06,LAA,MIN,4,2,W
2022-05-06,TEX,NYY,6,4,W
2022-05-06,COL,BOS,5,4,W
2022-05-06,HOU,PHI,4,3,W
2022-05-06,OAK,TOR,8,4,W
2022-05-06,PIT,MIA,3,6,L
2022-05-06,CHC,HOU,6,7,L
2022-05-06,LAD,OAK,7,7,W
2022-05-06,PIT,OAK,7,3,W
2022-05-06,MIA,TEX,7,3,W
2022-05-06,CIN,PHI,5,6,L
2022-05-06,SDP,SEA,6,5,W
2022-05-06,DET,NYM,6,3,W
2022-05-06,WSN,MIA,7,3,W
2022-05-06,MIN,NYY,8,4,W
2022-05-06,MIN,CLE,7,7,W
2022-05-06,BAL,MIA,1,2,L
2022-05-06,SFG,CHC,6,7,L
2022-05-06,CLE,ARI,1,2,L
2022-05-06,SEA,STL,5,7,L
2022-05-06,CHC,ATL,4,3,W
2022-05-07,BAL,NYM,3,0,W
2022-05-07,OAK,KCR,1,3,L
2022-05-07,TOR,TEX,4,5,L
2022-05-07,LAD,KCR,8,3,W
2022-05-07,MIA,NYY,5,6,L
2022-05-07,KCR,MIN,9,6,W
2022-05-07,WSN,OAK,1,4,L
2022-05-07,SFG,STL,3,6,L
2022-05-07,ARI,TEX,4,4,W
2022-05-07,PHI,TOR,2,4,L
2022-05-08,LAA,BOS,6,5,W
2022-05-08,NYM,COL,4,2,W
2022-05-08,CHW,SDP,4,1,W
2022-05-08,SEA,BAL,3,4,L
2022-05-08,CHW,CLE,6,6,W
2022-05-08,WSN,TEX,5,7,L
2022-05-08,MIL,KCR,7,10,L
2022-05-08,BOS,ATL,2,3,L
2022-05-08,BOS,TEX,2,2,L
2022-05-08,NYY,SEA,3,7,L
2022-05-08,TOR,BAL,10,5,W
2022-05-08,KCR,SDP,1,5,L
2022-05-09,STL,BAL,10,6,W
2022-05-09,NYY,DET,3,6,L
2022-05-09,OAK,CHW,7,5,W
2022-05-09,NYM,MIN,2,5,L
2022-05-09,LAD,CLE,4,4,W
2022-05-09,COL,NYM,2,7,L
2022-05-09,BAL,CIN,11,10,W
2022-05-09,DET,TEX,1,3,L
2022-05-09,SFG,STL,7,3,W
2022-05-09,MIL,WSN,4,3,W
2022-05-09,MIN,MIA,4,3,W
2022-05-09,CLE,PHI,3,6,L
2022-05-09,HOU,COL,2,1,W
2022-05-09,SDP,BOS,5,5,W
2022-05-10,CHC,BAL,3,4,L
2022-05-10,CHW,CIN,5,5,W
2022-05-10,LAD,CHC,5,1,W
2022-05-10,KCR,CLE,3,6,L
2022-05-10,TBR,OAK,3,4,L
2022-05-10,DET,NYM,8,5,W
2022-05-10,OAK,SDP,8,2,W
2022-05-10,TEX,COL,4,2,W
2022-05-10,TOR,CHW,4,5,L
2022-05-10,ATL,CIN,2,3,L
2022-05-10,CIN,STL,2,3,L
2022-05-10,PIT,LAA,4,5,L
2022-05-10,ARI,MIL,5,3,W
2022-05-10,NYM,CHC,4,1,W
2022-05-10,TEX,KCR,4,4,L
2022-05-10,BAL,ARI,4,7,L
2022-05-10,PHI,WSN,6,1,W
2022-05-10,MIA,MIL,4,5,L
2022-05-10,MIA,SDP,5,7,L
2022-05-11,PHI,TEX,4,7,L
2022-05-11,MIN,ARI,5,3,W
2022-05-11,CLE,MIA,4,4,W
2022-05-11,SEA,COL,7,1,W
2022-05-11,CHC,HOU,5,7,L
2022-05-11,CIN,MIN,5,5,W
2022-05-11,SDP,ATL,4,4,L
2022-05-11,LAA,COL,6,3,W
2022-05-11,NYY,LAD,7,3,W
2022-05-11,BOS,BAL,4,4,L
2022-05-12,SFG,DET,6,5,W
2022-05-12,ATL,COL,5,5,W
2022-05-12,MIL,TOR,7,6,W
2022-05-12,HOU,ARI,5,3,W
2022-05-12,TBR,PIT,6,7,L
2022-05-12,STL,CLE,5,4,W
2022-05-12,PIT,ATL,4,5,L
2022-05-12,COL,SEA,4,4,L
2022-05-12,ARI,OAK,4,5,L
2022-05-12,WSN,COL,6,5,W
2022-05-13,TBR,WSN,4,4,W
2022-05-13,CLE,LAA,3,5,L
2022-05-13,TEX,DET,4,4,L
2022-05-13,SFG,MIN,4,7,L
2022-05-13,COL,NYY,4,2,W
2022-05-13,MIL,PIT,3,6,L
2022-05-13,LAD,NYY,6,2,W
2022-05-13,ARI,HOU,0,1,L
2022-05-13,CIN,MIL,8,6,W
2022-05-13,HOU,ATL,2,7,L
2022-05-13,TOR,ARI,7,8,L
2022-05-13,WSN,LAD,3,6,L
2022-05-13,CHC,BAL,6,4,W
2022-05-14,ATL,CHW,6,4,W
2022-05-14,MIA,CIN,4,7,L
2022-05-14,BAL,MIA,6,4,W
2022-05-14,STL,CHW,10,3,W
2022-05-14,NYY,OAK,3,5,L
2022-05-14,DET,ATL,4,6,L
2022-05-14,MIN,SEA,4,4,L
2022-05-14,SEA,TEX,5,3,W
2022-05-14,KCR,WSN,8,4,W
2022-05-14,PHI,KCR,2,3,L
2022-05-14,SDP,COL,5,4,W
2022-05-14,CHW,BAL,8,4,W
2022-05-15,NYM,SEA,4,5,L
2022-05-15,NYM,BAL,6,7,L
2022-05-15,LAA,PIT,3,2,W
2022-05-15,LAA,CHW,6,12,L
2022-05-15,COL,CHW,4,6,L
2022-05-15,KCR,WSN,5,9,L
2022-05-15,MIN,BAL,5,5,W
2022-05-15,CLE,CHW,3,6,L
2022-05-15,STL,SEA,2,4,L
2022-05-15,MIA,NYM,7,5,W
2022-05-15,PIT,CLE,3,3,L
2022-05-15,ARI,MIL,2,6,L
2022-05-15,CHC,KCR,4,3,W
2022-05-15,BAL,CLE,6,5,W
2022-05-15,OAK,NYY,5,6,L
2022-05-15,BOS,MIL,8,2,W
2022-05-16,SEA,SFG,5,2,W
2022-05-16,DET,NYM,6,5,W
2022-05-16,SDP,STL,3,4,L
2022-05-16,CHW,CLE,4,8,L
2022-05-16,MIL,SDP,3,4,L
2022-05-16,BOS,PHI,6,1,W
2022-05-16,TEX,MIN,8,1,W
2022-05-16,HOU,CHW,3,5,L
2022-05-16,CIN,SFG,6,3,W
2022-05-16,PIT,HOU,2,4,L
2022-05-16,TOR,CHC,4,4,W
2022-05-16,TBR,DET,5,6,L
2022-05-17,PHI,SDP,6,5,W
2022-05-17,PHI,BAL,4,4,L
2022-05-17,WSN,STL,3,5,L
2022-05-17,CHC,TBR,7,5,W
2022-05-17,SDP,WSN,4,4,L
2022-05-17,LAA,ATL,4,6,L
2022-05-17,TOR,ARI,5,3,W
2022-05-17,HOU,DET,1,4,L
2022-05-17,ARI,TOR,4,5,L
2022-05-17,DET,OAK,3,4,L
2022-05-17,LAD,KCR,3,6,L
2022-05-17,ATL,WSN,7,5,W
2022-05-17,TEX,NYM,4,5,L
2022-05-17,ATL,NYY,4,5,L
2022-05-17,WSN,BOS,5,1,W
2022-05-17,OAK,NYY,2,6,L
2022-05-17,NYY,KCR,2,6,L
2022-05-17,CLE,OAK,5,3,W
2022-05-17,MIN,BAL,7,10,L
2022-05-17,SFG,PIT,4,8,L
2022-05-18,CIN,TOR,5,4,W
2022-05-18,COL,SFG,5,7,L
2022-05-18,OAK,CLE,2,5,L
2022-05-18,PIT,CHC,5,4,W
2022-05-18,LAD,CIN,3,3,L
2022-05-18,BAL,CHC,2,7,L
2022-05-18,KCR,PHI,7,3,W
2022-05-18,BOS,COL,8,5,W
2022-05-18,NYY,CLE,4,8,L
2022-05-19,SFG,PIT,2,4,L
2022-05-19,CHW,BOS,3,6,L
2022-05-19,TOR,MIA,4,5,L
2022-05-19,BAL,MIL,6,3,W
2022-05-19,CHC,MIL,3,3,L
2022-05-19,CIN,SDP,5,4,W
2022-05-19,STL,HOU,6,1,W
2022-05-19,DET,CHC,11,5,W
2022-05-19,ARI,CLE,2,2,L
2022-05-19,COL,TEX,4,5,L
2022-05-19,TBR,BOS,7,4,W
2022-05-19,SEA,BOS,7,2,W
2022-05-19,TBR,LAD,5,2,W
2022-05-19,PHI,MIN,11,5,W
2022-05-19,MIA,SFG,4,6,L
2022-05-19,NYM,NYY,8,1,W
2022-05-19,MIL,SFG,4,4,W
2022-05-19,CHW,STL,7,2,W
2022-05-19,BOS,HOU,5,4,W
2022-05-20,MIN,CLE,3,5,L
2022-05-20,SFG,ATL,3,5,L
2022-05-20,LAA,ATL,5,1,W
2022-05-20,PIT,TOR,3,2,W
2022-05-20,OAK,HOU,4,6,L
2022-05-20,SDP,DET,6,2,W
2022-05-20,STL,ARI,3,6,L
2022-05-20,SEA,WSN,2,3,L
2022-05-20,NYM,MIN,5,3,W
2022-05-21,NYY,WSN,7,3,W
2022-05-21,WSN,DET,4,4,L
2022-05-21,HOU,OAK,3,1,W
2022-05-21,ATL,COL,1,1,W
2022-05-21,LAD,DET,3,4,L
2022-05-21,TEX,CHW,5,1,W
2022-05-21,KCR,ATL,1,7,L
2022-05-21,MIA,CHC,5,5,L
2022-05-21,CLE,NYY,2,4,L
2022-05-21,MIL,DET,3,5,L
2022-05-22,PIT,LAA,6,6,W
2022-05-22,KCR,WSN,4,5,L
2022-05-22,CHC,BAL,4,4,W
2022-05-22,WSN,SEA,4,2,W
2022-05-22,CIN,BAL,6,2,W
2022-05-22,CHW,OAK,7,2,W
2022-05-22,NYY,MIL,6,6,L
2022-05-22,HOU,TOR,5,4,W
2022-05-22,LAA,ARI,3,4,L
2022-05-23,STL,MIN,9,4,W
2022-05-23,NYM,TBR,3,2,W
2022-05-23,OAK,TEX,1,8,L
2022-05-23,CLE,LAA,3,8,L
2022-05-23,MIN,NYY,2,5,L
2022-05-23,COL,PIT,2,4,L
2022-05-23,TBR,MIL,2,3,L
2022-05-23,PHI,LAD,4,4,W
2022-05-23,MIA,TBR,6,3,W
2022-05-23,MIL,NYY,7,4,W
2022-05-23,LAD,TOR,8,2,W
2022-05-23,TOR,BOS,2,4,L
2022-05-23,ARI,SEA,7,5,W
2022-05-23,TEX,MIL,1,4,L
2022-05-23,BAL,KCR,3,3,W
2022-05-23,ATL,MIA,5,8,L
2022-05-24,SDP,CLE,6,4,W
2022-05-24,SDP,CIN,5,8,L
2022-05-24,BOS,SEA,3,2,W
2022-05-24,TEX,MIL,3,4,L
2022-05-24,SFG,CIN,0,7,L
2022-05-24,TOR,SDP,4,4,L
2022-05-24,HOU,ATL,7,4,W
2022-05-24,SEA,SDP,0,8,L
2022-05-24,TBR,SDP,4,2,W
2022-05-24,KCR,ATL,4,5,L
2022-05-24,ARI,NYM,6,3,W
2022-05-24,ATL,BOS,9,5,W
2022-05-24,STL,DET,3,4,L
2022-05-24,MIN,STL,3,6,L
2022-05-24,PHI,STL,3,3,W
2022-05-24,DET,CLE,1,4,L
2022-05-25,CLE,DET,3,9,L
2022-05-25,NYM,CHC,4,11,L
2022-05-25,SFG,MIA,5,5,L
2022-05-25,LAD,DET,1,5,L
2022-05-25,SEA,STL,3,0,W
2022-05-25,CIN,CLE,1,6,L
2022-05-25,CHW,BOS,2,5,L
2022-05-25,CHC,COL,5,3,W
2022-05-25,COL,HOU,5,4,W
2022-05-26,DET,PIT,1,3,L
2022-05-26,NYY,NYM,2,2,W
2022-05-26,MIL,WSN,2,4,L
2022-05-26,BAL,KCR,4,4,L
2022-05-26,MIA,MIN,2,2,W
2022-05-26,STL,MIL,6,4,W
2022-05-26,CLE,NYM,4,3,W
2022-05-26,ARI,TOR,3,5,L
2022-05-26,PIT,TBR,3,6,L
2022-05-26,LAD,ATL,3,5,L
2022-05-26,OAK,NYM,6,2,W
2022-05-26,WSN,KCR,1,3,L
2022-05-26,TOR,ARI,5,4,W
2022-05-26,HOU,CHC,5,3,W
2022-05-26,BOS,CIN,2,4,L
2022-05-26,BOS,WSN,3,5,L
2022-05-26,LAA,BOS,5,10,L
2022-05-26,KCR,NYY,3,7,L
2022-05-27,OAK,LAA,5,4,W
2022-05-27,NYM,ATL,5,5,W
2022-05-27,MIL,WSN,6,6,L
2022-05-27,TEX,MIL,5,6,L
2022-05-27,PHI,NYM,3,1,W
2022-05-27,LAA,SEA,3,8,L
2022-05-27,ATL,WSN,6,4,W
2022-05-27,DET,NYY,4,2,W
2022-05-27,CHW,TOR,3,6,L
2022-05-27,SDP,CHW,0,5,L
2022-05-28,NYY,ARI,6,4,W
2022-05-28,CLE,CHW,5,6,L
2022-05-28,SFG,LAA,4,5,L
2022-05-28,MIA,MIN,8,4,W
2022-05-28,MIA,MIL,3,5,L
2022-05-28,LAA,ATL,7,6,W
2022-05-28,TBR,DET,10,3,W
2022-05-28,BAL,SEA,4,6,L
2022-05-28,MIN,OAK,3,5,L
2022-05-28,STL,LAD,7,5,W
2022-05-28,SEA,ATL,4,7,L
2022-05-28,CIN,ARI,5,3,W
2022-05-28,PIT,DET,4,3,W
2022-05-28,SEA,TEX,11,3,W
2022-05-28,WSN,STL,2,4,L
2022-05-28,WSN,MIN,4,5,L
2022-05-28,CHC,KCR,4,3,W
2022-05-28,ATL,CHW,5,2,W
2022-05-28,COL,MIN,2,9,L
2022-05-28,SDP,ARI,3,4,L
2022-05-28,COL,CLE,3,7,L
2022-05-29,TEX,WSN,6,5,W
2022-05-29,CHW,TBR,4,3,W
2022-05-29,BOS,STL,3,2,W
2022-05-29,PIT,SEA,4,10,L
2022-05-29,TBR,KCR,6,5,W
2022-05-29,HOU,LAD,7,5,W
2022-05-29,BAL,BOS,4,10,L
2022-05-29,ARI,SEA,4,2,W
2022-05-29,NYM,DET,2,5,L
2022-05-29,OAK,ARI,2,6,L
2022-05-29,MIN,CIN,3,7,L
2022-05-29,KCR,PHI,3,4,L
2022-05-29,TOR,CHW,6,2,W
2022-05-30,NYY,LAA,7,6,W
2022-05-30,MIL,STL,6,3,W
2022-05-30,CIN,NYY,3,7,L
2022-05-30,PHI,NYM,8,6,W
2022-05-30,CHC,BAL,9,4,W
2022-05-30,SFG,SEA,1,1,W
2022-05-30,DET,CLE,6,5,W
2022-05-30,LAD,SDP,3,8,L
2022-05-31,OAK,CIN,9,4,W
2022-05-31,PHI,STL,2,5,L
2022-05-31,COL,MIN,1,2,L
2022-05-31,LAD,STL,1,2,L
2022-05-31,HOU,BAL,4,8,L
2022-05-31,LAA,MIA,4,3,W
2022-05-31,CIN,MIL,6,5,W
2022-05-31,PIT,LAA,6,5,W
2022-05-31,ATL,SFG,2,2,W
2022-05-31,TEX,CHC,2,4,L
2022-05-31,CHC,BOS,3,6,L
2022-05-31,NYM,BAL,6,4,W
2022-06-01,TOR,COL,4,1,W
2022-06-01,SDP,LAA,5,7,L
2022-06-01,MIL,TBR,7,2,W
2022-06-01,SEA,HOU,3,2,W
2022-06-01,TBR,PIT,5,1,W
2022-06-01,MIN,SFG,7,9,L
2022-06-01,STL,KCR,3,5,L
2022-06-01,NYY,KCR,5,2,W
2022-06-01,BOS,LAA,4,7,L
2022-06-01,DET,CHC,5,3,W
2022-06-01,SFG,BAL,2,5,L
2022-06-02,ARI,MIL,5,4,W
2022-06-02,KCR,NYY,3,4,L
2022-06-02,CLE,TOR,2,4,L
2022-06-02,MIA,CHC,12,5,W
2022-06-02,WSN,MIL,6,2,W
2022-06-02,MIL,MIN,5,7,L
2022-06-02,BAL,PHI,5,6,L
2022-06-02,SEA,SDP,2,6,L
2022-06-02,PIT,MIN,1,9,L
2022-06-02,CHW,MIA,2,4,L
2022-06-02,LAD,MIN,5,4,W
2022-06-02,SDP,LAD,6,6,L
2022-06-02,MIA,TEX,4,7,L
2022-06-03,ATL,PIT,7,4,W
2022-06-03,PHI,BAL,9,8,W
2022-06-03,NYY,SEA,2,2,W
2022-06-03,MIN,TBR,8,5,W
2022-06-03,DET,COL,8,2,W
2022-06-03,TEX,WSN,2,9,L
2022-06-03,STL,MIN,10,0,W
2022-06-03,HOU,LAD,7,4,W
2022-06-03,COL,SEA,7,5,W
2022-06-03,CHW,PHI,4,7,L
2022-06-03,TOR,TEX,3,2,W
2022-06-03,KCR,DET,6,2,W
2022-06-04,OAK,LAA,4,3,W
2022-06-04,CHW,BOS,5,6,L
2022-06-04,WSN,MIL,3,5,L
2022-06-04,WSN,ARI,5,5,W
2022-06-04,NYM,CHC,3,8,L
2022-06-04,NYM,COL,2,7,L
2022-06-04,MIA,CHC,5,3,W
2022-06-04,KCR,CHW,4,6,L
2022-06-04,LAA,DET,6,6,W
2022-06-04,SFG,CHW,5,5,W
2022-06-04,PIT,MIL,6,6,W
2022-06-04,BAL,ATL,2,2,L
2022-06-04,LAA,DET,3,5,L
2022-06-04,ARI,TEX,1,7,L
2022-06-04,ARI,STL,4,4,W
2022-06-04,CHC,MIN,7,7,W
2022-06-04,CIN,HOU,1,5,L
2022-06-04,NYY,TOR,6,1,W
2022-06-04,TBR,DET,5,1,W
2022-06-04,CHC,MIN,9,7,W
2022-06-04,CLE,HOU,5,6,L
2022-06-04,LAD,WSN,4,6,L
2022-06-04,BOS,COL,2,7,L
2022-06-04,CLE,BAL,3,2,W
2022-06-04,TBR,MIN,6,7,L
2022-06-05,OAK,CIN,2,5,L
2022-06-05,BAL,PIT,4,4,L
2022-06-05,DET,CLE,6,6,L
2022-06-05,CIN,LAD,4,6,L
2022-06-05,TEX,SDP,5,3,W
2022-06-05,PHI,HOU,3,8,L
2022-06-05,ATL,OAK,6,5,W
2022-06-05,SDP,CIN,4,1,W
2022-06-05,COL,STL,6,2,W
2022-06-06,HOU,CLE,8,3,W
2022-06-06,HOU,ARI,1,2,L
2022-06-06,DET,ATL,7,1,W
2022-06-06,TBR,MIA,7,2,W
2022-06-06,COL,DET,9,6,W
2022-06-06,MIN,TEX,6,3,W
2022-06-06,WSN,CLE,6,4,W
2022-06-06,OAK,MIA,4,6,L
2022-06-06,STL,MIN,2,6,L
2022-06-06,SEA,CLE,7,1,W
2022-06-06,BOS,PIT,4,4,L
2022-06-06,ATL,MIA,3,1,W
2022-06-06,TOR,SEA,5,5,W
2022-06-06,PIT,SDP,5,5,W
2022-06-06,PHI,MIN,5,2,W
2022-06-06,LAA,ARI,3,6,L
2022-06-06,MIL,CHW,4,4,L
2022-06-06,SFG,CIN,2,2,W
2022-06-07,TEX,SEA,4,3,W
2022-06-07,CHC,OAK,3,6,L
2022-06-07,STL,NYY,7,5,W
2022-06-07,MIN,TBR,2,4,L
2022-06-07,LAD,TEX,4,5,L
2022-06-07,CIN,ARI,6,5,W
2022-06-08,MIA,TBR,7,2,W
2022-06-08,BOS,ATL,6,8,L
2022-06-08,CLE,OAK,1,2,L
2022-06-08,SEA,ATL,7,7,W
2022-06-08,ARI,MIL,3,3,W
2022-06-08,NYY,ATL,2,2,W
2022-06-08,SFG,BOS,4,8,L
2022-06-08,MIL,TEX,5,0,W
2022-06-08,TOR,HOU,4,2,W
2022-06-08,CHW,BAL,3,10,L
2022-06-08,KCR,CLE,9,6,W
2022-06-08,BAL,TEX,3,1,W
2022-06-08,SDP,TBR,4,6,L
2022-06-08,NYM,PHI,2,4,L
2022-06-09,SFG,ATL,3,6,L
2022-06-09,HOU,DET,1,2,L
2022-06-09,PIT,COL,4,3,W
2022-06-09,CHW,CLE,6,3,W
2022-06-09,SDP,CLE,3,3,W
2022-06-09,CHC,BOS,1,5,L
2022-06-09,NYY,PHI,3,8,L
2022-06-09,LAA,CLE,4,5,L
2022-06-09,WSN,STL,4,4,L
2022-06-09,ATL,STL,5,4,W
2022-06-10,TEX,PIT,5,4,W
2022-06-10,MIA,LAD,5,3,W
2022-06-10,TBR,CLE,3,3,L
2022-06-10,ARI,CHW,1,7,L
2022-06-10,KCR,SFG,6,1,W
2022-06-10,MIL,TEX,5,3,W
2022-06-10,TOR,LAD,0,6,L
2022-06-10,OAK,MIL,4,11,L
2022-06-10,CIN,BOS,2,6,L
2022-06-10,COL,KCR,4,5,L
2022-06-11,BOS,MIA,4,4,W
2022-06-11,CHC,STL,3,3,L
2022-06-11,ATL,PIT,0,1,L
2022-06-11,MIN,MIA,7,6,W
2022-06-11,BOS,MIA,7,6,W
2022-06-11,NYM,TOR,4,8,L
2022-06-11,BAL,CHC,6,6,W
2022-06-11,LAD,MIN,6,3,W
2022-06-11,WSN,BOS,7,6,W
2022-06-11,TEX,TOR,3,3,W
2022-06-11,NYY,TOR,2,6,L
2022-06-11,STL,CLE,4,7,L
2022-06-11,SFG,STL,5,5,W
2022-06-11,STL,ATL,2,3,L
2022-06-11,CLE,SEA,1,5,L
2022-06-11,HOU,ARI,9,6,W
2022-06-11,TBR,HOU,2,4,L
2022-06-11,PHI,LAA,4,5,L
2022-06-11,DET,PIT,3,5,L
2022-06-11,MIL,PIT,7,5,W
2022-06-11,TOR,STL,5,4,W
2022-06-11,SEA,MIN,4,8,L
2022-06-11,SEA,CLE,5,10,L
2022-06-11,CIN,MIL,6,7,L
2022-06-12,MIA,LAD,6,1,W
2022-06-12,MIN,HOU,5,4,W
2022-06-12,ARI,BAL,2,8,L
2022-06-12,NYM,NYY,3,7,L
2022-06-12,BAL,TEX,2,7,L
2022-06-12,CHW,SFG,4,4,L
2022-06-12,OAK,PIT,6,12,L
2022-06-13,TOR,BOS,4,6,L
2022-06-13,WSN,PIT,5,5,L
2022-06-13,CIN,ARI,5,3,W
2022-06-13,LAD,MIN,4,3,W
2022-06-13,COL,LAA,5,4,W
2022-06-13,LAA,OAK,3,3,L
2022-06-13,LAD,MIA,3,4,L
2022-06-13,CHC,CIN,6,6,W
2022-06-13,CHW,CLE,7,5,W
2022-06-13,DET,OAK,3,6,L
2022-06-13,DET,TBR,5,8,L
2022-06-13,CLE,STL,5,1,W
2022-06-13,ATL,MIN,4,5,L
2022-06-13,CLE,HOU,10,1,W
2022-06-13,COL,TEX,6,4,W
2022-06-13,STL,BAL,5,3,W
2022-06-13,TBR,CLE,6,7,L
2022-06-13,KCR,NYY,4,3,W
2022-06-13,SDP,WSN,4,3,W
2022-06-13,BOS,CLE,3,6,L
2022-06-13,SDP,SFG,1,3,L
2022-06-13,PHI,LAA,3,8,L
2022-06-13,PIT,TBR,3,3,L
2022-06-13,PHI,CHW,2,5,L
2022-06-14,BAL,PIT,3,4,L
2022-06-14,SEA,BAL,6,8,L
2022-06-14,ARI,KCR,7,4,W
2022-06-14,TEX,LAD,1,1,W
2022-06-14,MIL,MIA,4,5,L
2022-06-15,WSN,KCR,4,3,W
2022-06-15,KCR,SDP,5,3,W
2022-06-15,MIA,BAL,4,2,W
2022-06-15,KCR,TEX,6,3,W
2022-06-15,HOU,CHC,2,7,L
2022-06-15,SFG,ATL,5,4,W
2022-06-15,MIN,TBR,3,6,L
2022-06-15,OAK,HOU,3,5,L
2022-06-15,TOR,NYM,7,3,W
2022-06-15,LAA,SFG,6,6,W
2022-06-15,ATL,TEX,4,5,L
2022-06-15,HOU,OAK,3,1,W
2022-06-15,PIT,SDP,8,3,W
2022-06-15,CLE,KCR,3,4,L
2022-06-15,NYM,MIN,2,6,L
2022-06-15,STL,CHW,3,3,L
2022-06-15,NYY,TEX,3,9,L
2022-06-15,CHW,ATL,6,4,W
2022-06-15,NYY,COL,4,2,W
2022-06-16,DET,TOR,5,2,W
2022-06-16,SDP,SFG,3,6,L
2022-06-16,NYM,SEA,4,3,W
2022-06-16,COL,CHW,6,5,W
2022-06-16,SFG,CHC,3,4,L
2022-06-16,TEX,STL,4,5,L
2022-06-16,MIL,WSN,4,6,L
2022-06-16,MIA,KCR,6,3,W
2022-06-16,CIN,MIL,4,4,L
2022-06-16,BAL,COL,1,6,L
2022-06-16,LAA,SEA,3,3,L
2022-06-17,SEA,LAA,5,3,W
2022-06-17,MIN,MIL,6,5,W
2022-06-17,CHC,TOR,3,3,L
2022-06-17,LAD,NYM,5,4,W
2022-06-17,PIT,SEA,0,3,L
2022-06-17,ARI,SFG,5,3,W
2022-06-17,PHI,ATL,5,2,W
2022-06-17,OAK,PHI,4,3,W
2022-06-17,BOS,PIT,3,5,L
2022-06-17,TBR,MIN,8,4,W
2022-06-18,SEA,CIN,4,4,W
2022-06-18,STL,LAD,4,9,L
2022-06-18,DET,STL,3,4,L
2022-06-18,BAL,WSN,1,1,L
2022-06-18,BOS,LAA,6,5,W
2022-06-18,PHI,WSN,11,1,W
2022-06-18,LAA,MIA,3,4,L
2022-06-18,CHC,OAK,5,4,W
2022-06-18,ARI,CLE,4,5,L
2022-06-18,KCR,CIN,4,6,L
2022-06-18,MIN,ATL,4,5,L
2022-06-18,CHW,OAK,5,8,L
2022-06-19,SFG,TBR,4,10,L
2022-06-19,MIL,COL,3,0,W
2022-06-19,SDP,CHC,6,2,W
2022-06-19,NYY,PIT,3,6,L
2022-06-19,LAD,MIN,7,5,W
2022-06-19,ATL,SFG,1,11,L
2022-06-19,COL,TEX,2,2,W
2022-06-19,OAK,CLE,5,4,W
2022-06-19,CIN,CHW,7,6,W
2022-06-19,MIA,PIT,5,4,W
2022-06-20,CHW,MIA,4,5,L
2022-06-20,HOU,OAK,11,4,W
2022-06-20,PHI,DET,3,7,L
2022-06-20,TBR,PHI,4,1,W
2022-06-20,CLE,TBR,11,5,W
2022-06-20,WSN,BAL,4,4,W
2022-06-20,SFG,MIA,6,3,W
2022-06-20,TEX,WSN,6,6,L
2022-06-20,COL,STL,9,7,W
2022-06-20,MIN,TOR,5,4,W
2022-06-20,PIT,MIA,2,0,W
2022-06-20,CHC,MIA,3,5,L
2022-06-20,NYM,LAA,3,9,L
2022-06-20,TBR,BOS,9,8,W
2022-06-20,CLE,TBR,6,6,W
2022-06-20,NYM,OAK,13,7,W
2022-06-20,TOR,PHI,4,2,W
2022-06-20,BOS,ATL,5,5,L
2022-06-20,PIT,TOR,4,6,L
2022-06-21,SEA,TBR,3,5,L
2022-06-21,MIL,LAA,3,4,L
2022-06-21,OAK,LAA,3,6,L
2022-06-21,CIN,SFG,7,3,W
2022-06-21,BAL,COL,4,5,L
2022-06-21,KCR,SFG,4,3,W
2022-06-21,ATL,SFG,4,6,L
2022-06-21,DET,TEX,1,2,L
2022-06-21,TOR,TEX,4,1,W
2022-06-21,WSN,TOR,2,4,L
2022-06-22,PHI,STL,4,4,L
2022-06-22,TEX,MIA,2,7,L
2022-06-22,ARI,CLE,4,6,L
2022-06-22,NYM,SDP,1,6,L
2022-06-22,TEX,TOR,4,8,L
2022-06-22,HOU,SFG,5,4,W
2022-06-22,SEA,NYM,2,5,L
2022-06-22,NYY,OAK,4,7,L
2022-06-22,BAL,LAD,3,7,L
2022-06-22,NYY,TEX,4,4,W
2022-06-22,SDP,LAA,5,2,W
2022-06-22,COL,MIA,3,5,L
2022-06-22,OAK,CLE,0,2,L
2022-06-22,PIT,WSN,6,3,W
2022-06-22,WSN,BOS,3,5,L
2022-06-22,LAD,BOS,3,2,W
2022-06-22,LAD,PIT,7,3,W
2022-06-22,HOU,MIA,6,4,W
2022-06-22,LAA,KCR,3,5,L
2022-06-22,MIA,LAD,4,5,L
2022-06-22,STL,MIA,6,7,L
2022-06-23,MIL,CLE,4,4,W
2022-06-23,CIN,ATL,5,5,L
2022-06-23,LAA,NYY,2,5,L
2022-06-23,ARI,STL,7,3,W
2022-06-23,SDP,DET,1,5,L
2022-06-23,SFG,KCR,3,7,L
2022-06-23,DET,LAA,7,6,W
2022-06-23,MIN,OAK,4,7,L
2022-06-24,PHI,OAK,7,5,W
2022-06-24,TBR,COL,7,5,W
2022-06-24,BOS,DET,7,2,W
2022-06-24,BOS,KCR,7,3,W
2022-06-24,CLE,MIN,4,3,W
2022-06-24,TOR,PIT,8,6,W
2022-06-24,TEX,TOR,3,4,L
2022-06-24,CHC,CLE,7,5,W
2022-06-24,ATL,NYM,5,4,W
2022-06-24,COL,MIL,5,6,L
2022-06-24,STL,TEX,3,3,W
2022-06-24,OAK,COL,1,2,L
2022-06-24,HOU,MIA,4,7,L
2022-06-24,CIN,CHW,2,7,L
2022-06-24,STL,MIL,5,3,W
2022-06-24,KCR,NYM,1,4,L
2022-06-24,MIA,WSN,5,5,W
2022-06-24,KCR,PIT,2,1,W
2022-06-24,CHW,SDP,4,4,L
2022-06-24,CHC,MIN,2,5,L
2022-06-25,SFG,TEX,1,2,L
2022-06-25,PIT,PHI,7,4,W
2022-06-25,LAD,MIA,5,7,L
2022-06-25,SEA,CLE,1,3,L
2022-06-25,DET,LAD,5,6,L
2022-06-25,TOR,NYY,2,7,L
2022-06-25,CHW,HOU,7,2,W
2022-06-25,MIA,KCR,5,3,W
2022-06-25,TBR,SEA,5,3,W
2022-06-25,MIN,BOS,5,3,W
2022-06-25,BAL,MIL,3,9,L
2022-06-26,WSN,SEA,4,4,W
2022-06-26,MIL,STL,6,3,W
2022-06-26,ARI,ATL,6,5,W
2022-06-26,CLE,SEA,4,2,W
2022-06-26,NYY,MIL,6,3,W
2022-06-26,ATL,CHC,7,8,L
2022-06-26,SDP,COL,6,4,W
2022-06-26,LAA,KCR,3,1,W
2022-06-26,NYM,COL,5,2,W
2022-06-27,LAD,HOU,4,8,L
2022-06-27,CHC,BOS,2,8,L
2022-06-27,WSN,LAD,1,5,L
2022-06-27,CLE,CHW,3,5,L
2022-06-27,PHI,BAL,8,6,W
2022-06-27,LAA,MIA,5,9,L
2022-06-27,BAL,MIA,1,4,L
2022-06-27,TEX,SEA,3,3,W
2022-06-27,TBR,KCR,5,4,W
2022-06-27,SDP,BOS,0,2,L
2022-06-28,NYM,SEA,4,2,W
2022-06-28,DET,LAA,5,6,L
2022-06-28,ATL,BOS,3,4,L
2022-06-28,BOS,ARI,3,5,L
2022-06-28,MIA,CHC,9,3,W
2022-06-28,MIL,SDP,5,3,W
2022-06-28,MIN,SFG,3,2,W
2022-06-28,OAK,HOU,3,7,L
2022-06-28,TOR,BOS,6,2,W
2022-06-29,CIN,HOU,4,4,W
2022-06-29,SDP,STL,3,5,L
2022-06-29,NYY,TBR,2,3,L
2022-06-29,NYY,PIT,12,7,W
2022-06-29,HOU,SEA,4,3,W
2022-06-29,NYM,TOR,4,2,W
2022-06-29,COL,ARI,8,5,W
2022-06-29,CLE,STL,3,2,W
2022-06-29,PIT,WSN,5,6,L
2022-06-29,KCR,ATL,2,4,L
2022-06-29,KCR,HOU,3,4,L
2022-06-29,ARI,CHW,1,5,L
2022-06-29,CIN,ARI,6,4,W
2022-06-29,TOR,ARI,11,8,W
2022-06-29,CHW,ARI,10,1,W
2022-06-29,CHW,MIA,5,0,W
2022-06-29,STL,WSN,9,8,W
2022-06-29,SFG,ATL,0,8,L
2022-06-29,MIA,CHC,10,2,W
2022-06-29,SEA,CLE,2,4,L
2022-06-29,LAD,SDP,1,1,W
2022-06-30,BAL,HOU,6,5,W
2022-06-30,PHI,ARI,5,6,L
2022-06-30,OAK,BAL,1,2,L
2022-06-30,TEX,DET,8,5,W
2022-06-30,ARI,HOU,4,3,W
2022-06-30,SFG,PHI,5,3,W
2022-06-30,SEA,CIN,3,2,W
2022-06-30,LAA,DET,4,4,W
2022-06-30,STL,ARI,5,2,W
2022-06-30,MIL,STL,6,5,W
2022-07-01,LAD,ATL,7,6,W
2022-07-01,DET,NYM,4,4,W
2022-07-01,CLE,STL,1,6,L
2022-07-01,PHI,LAA,2,3,L
2022-07-01,PIT,KCR,5,2,W
2022-07-01,OAK,TBR,6,1,W
2022-07-01,NYM,OAK,4,2,W
2022-07-01,MIN,MIL,5,1,W
2022-07-01,ARI,MIA,4,3,W
2022-07-01,TBR,MIN,5,2,W
2022-07-01,ATL,SFG,4,4,W
2022-07-01,WSN,OAK,4,1,W
2022-07-01,ATL,CHW,4,4,L
2022-07-01,WSN,BOS,1,5,L
2022-07-01,MIN,LAA,4,6,L
2022-07-01,CHC,OAK,3,3,L
2022-07-01,BOS,NYM,6,5,W
2022-07-01,HOU,MIL,4,2,W
2022-07-01,COL,ATL,3,4,L
2022-07-01,CHW,LAA,5,6,L
2022-07-01,HOU,SDP,5,5,L
2022-07-01,COL,KCR,2,3,L
2022-07-02,MIA,CLE,2,4,L
2022-07-02,LAA,BAL,8,2,W
2022-07-02,PIT,WSN,6,4,W
2022-07-02,SFG,MIL,4,4,L
2022-07-02,DET,MIA,3,3,L
2022-07-02,SDP,OAK,3,1,W
2022-07-02,TEX,SFG,4,6,L
2022-07-02,TBR,NYY,8,2,W
2022-07-02,CHC,WSN,1,3,L
2022-07-02,BAL,ATL,4,0,W
2022-07-02,TOR,TEX,5,8,L
2022-07-03,PHI,CHW,5,6,L
2022-07-03,CLE,SFG,5,2,W
2022-07-03,TOR,SEA,6,6,L
2022-07-03,BAL,MIL,5,4,W
2022-07-03,STL,SFG,4,8,L
2022-07-03,SEA,ARI,4,2,W
2022-07-03,NYY,SEA,4,7,L
2022-07-03,MIN,TBR,6,5,W
2022-07-03,ARI,MIL,4,6,L
2022-07-03,KCR,LAD,3,2,W
2022-07-03,MIL,CLE,5,4,W
2022-07-03,MIL,PIT,4,8,L
2022-07-03,BOS,NYY,6,3,W
2022-07-03,SDP,CIN,4,4,W
2022-07-03,CIN,PIT,7,6,W
2022-07-04,CHC,NYY,6,5,W
2022-07-04,CIN,TEX,6,4,W
2022-07-04,SEA,OAK,0,3,L
2022-07-04,LAD,MIN,8,3,W
2022-07-04,PIT,CLE,5,6,L
2022-07-04,STL,TEX,4,6,L
2022-07-04,KCR,CHW,5,3,W
2022-07-04,CHW,CHC,2,0,W
2022-07-04,OAK,STL,7,5,W
2022-07-04,NYY,CIN,4,2,W
2022-07-04,TBR,BAL,6,4,W
2022-07-04,WSN,SFG,3,3,W
2022-07-04,SFG,KCR,4,4,W
2022-07-04,TEX,NYY,5,2,W
2022-07-05,COL,ARI,5,4,W
2022-07-05,DET,BAL,2,0,W
2022-07-05,NYM,SEA,5,7,L
2022-07-05,LAA,CHW,4,2,W
2022-07-05,MIA,HOU,5,3,W
2022-07-05,HOU,SDP,2,4,L
2022-07-05,ATL,LAA,9,5,W
2022-07-05,BOS,TOR,1,7,L
2022-07-06,WSN,TBR,2,4,L
2022-07-06,CHW,OAK,9,5,W
2022-07-06,PIT,TOR,2,4,L
2022-07-06,PHI,WSN,3,2,W
2022-07-06,NYY,CLE,2,4,L
2022-07-06,ARI,MIN,8,3,W
2022-07-06,NYM,BOS,6,3,W
2022-07-06,COL,ATL,1,3,L
2022-07-07,SFG,MIL,6,5,W
2022-07-07,DET,SDP,7,6,W
2022-07-07,TEX,CLE,3,5,L
2022-07-07,ATL,CHW,3,0,W
2022-07-07,MIL,KCR,5,3,W
2022-07-07,SDP,SEA,7,3,W
2022-07-07,MIN,PIT,3,0,W
2022-07-07,MIA,STL,2,3,L
2022-07-07,BOS,NYM,3,8,L
2022-07-07,CIN,ATL,6,4,W
2022-07-07,SEA,ATL,2,2,L
2022-07-07,CHC,TOR,10,4,W
2022-07-07,TBR,CHW,4,8,L
2022-07-08,OAK,LAA,2,5,L
2022-07-08,OAK,TEX,6,6,W
2022-07-08,COL,ARI,4,4,L
2022-07-08,ARI,STL,5,3,W
2022-07-08,STL,CHC,4,10,L
2022-07-08,WSN,NYM,5,8,L
2022-07-08,LAD,NYM,1,6,L
2022-07-08,MIN,CIN,4,1,W
2022-07-08,LAA,STL,2,5,L
2022-07-08,LAA,NYM,6,6,L
2022-07-08,TOR,SDP,4,8,L
2022-07-08,STL,CHW,1,5,L
2022-07-08,DET,COL,5,4,W
2022-07-08,KCR,CHC,5,7,L
2022-07-08,CLE,MIN,5,6,L
2022-07-08,HOU,LAA,4,3,W
2022-07-08,BAL,NYM,7,5,W
2022-07-08,CHW,KCR,7,4,W
2022-07-08,SEA,OAK,5,7,L
2022-07-09,TBR,SDP,3,7,L
2022-07-09,BAL,WSN,4,4,W
2022-07-09,TOR,CHW,5,8,L
2022-07-09,BOS,STL,3,8,L
2022-07-09,KCR,CIN,6,5,W
2022-07-09,MIL,COL,5,5,L
2022-07-09,NYM,KCR,6,3,W
2022-07-10,SDP,MIA,5,5,L
2022-07-10,ARI,DET,6,3,W
2022-07-10,KCR,TOR,4,5,L
2022-07-10,WSN,COL,7,6,W
2022-07-10,ATL,NYM,4,6,L
2022-07-10,NYY,TBR,6,7,L
2022-07-10,CHC,CIN,9,7,W
2022-07-10,CLE,LAA,3,4,L
2022-07-10,ATL,OAK,6,6,L
2022-07-10,CLE,KCR,6,4,W
2022-07-10,LAD,DET,7,2,W
2022-07-10,PHI,SFG,8,7,W
2022-07-10,MIA,NYY,6,3,W
2022-07-10,CIN,STL,5,3,W
2022-07-10,SFG,KCR,8,4,W
2022-07-10,LAA,HOU,6,3,W
2022-07-10,CHW,LAD,1,2,L
2022-07-10,TEX,TBR,6,5,W
2022-07-10,SFG,PIT,5,7,L
2022-07-10,PIT,TOR,9,3,W
2022-07-10,HOU,KCR,4,2,W
2022-07-10,MIA,LAA,3,5,L
2022-07-10,HOU,DET,6,7,L
2022-07-10,MIN,NYY,4,5,L
2022-07-10,PHI,BAL,7,7,L
2022-07-10,TEX,WSN,4,2,W
2022-07-11,MIL,STL,7,6,W
2022-07-11,BAL,CHC,3,2,W
2022-07-11,CIN,NYY,1,6,L
2022-07-11,OAK,MIL,5,5,W
2022-07-11,SDP,BAL,3,1,W
2022-07-11,PIT,MIA,7,4,W
2022-07-11,DET,LAD,3,5,L
2022-07-11,TOR,KCR,6,3,W
2022-07-11,LAD,CHC,6,7,L
2022-07-12,SEA,NYM,5,7,L
2022-07-12,MIL,SEA,4,6,L
2022-07-12,ARI,CHW,3,2,W
2022-07-12,ATL,OAK,2,5,L
2022-07-12,TBR,NYM,2,7,L
2022-07-12,NYM,SFG,2,4,L
2022-07-12,LAD,ATL,2,5,L
2022-07-12,CLE,HOU,3,2,W
2022-07-12,STL,SEA,5,4,W
2022-07-12,CHW,COL,4,4,W
2022-07-12,SFG,LAD,6,4,W
2022-07-12,COL,NYM,0,2,L
2022-07-12,MIA,DET,3,5,L
2022-07-12,NYY,WSN,5,7,L
2022-07-12,CHC,SDP,8,3,W
2022-07-12,BOS,ARI,7,3,W
2022-07-12,TEX,KCR,6,4,W
2022-07-12,TOR,NYY,6,3,W
2022-07-13,COL,SEA,3,7,L
2022-07-13,KCR,WSN,6,3,W
2022-07-13,BOS,ARI,5,2,W
2022-07-13,CHC,CIN,6,2,W
2022-07-13,SEA,SFG,4,3,W
2022-07-13,LAA,PIT,4,5,L
2022-07-13,HOU,LAA,5,3,W
2022-07-13,NYY,BOS,6,5,W
2022-07-13,BAL,TBR,4,3,W
2022-07-14,PIT,NYY,2,4,L
2022-07-14,MIN,DET,4,9,L
2022-07-14,DET,LAA,2,7,L
2022-07-14,CIN,WSN,7,8,L
2022-07-14,TBR,LAA,4,6,L
2022-07-14,NYM,SDP,5,4,W
2022-07-14,WSN,ARI,3,7,L
2022-07-14,SDP,MIN,5,7,L
2022-07-14,OAK,PHI,2,2,L
2022-07-14,PHI,PIT,2,1,W
2022-07-14,STL,PHI,2,4,L
2022-07-15,STL,ATL,8,4,W
2022-07-15,KCR,BAL,5,7,L
2022-07-15,TOR,TEX,2,3,L
2022-07-15,SDP,MIA,4,7,L
2022-07-15,NYM,MIN,5,2,W
2022-07-15,NYY,NYM,7,5,W
2022-07-15,MIL,OAK,5,6,L
2022-07-15,CHW,TOR,6,5,W
2022-07-15,COL,CHW,5,4,W
2022-07-15,OAK,SEA,2,6,L
2022-07-15,WSN,CLE,8,2,W
2022-07-15,SEA,WSN,3,0,W
2022-07-16,PIT,TBR,4,6,L
2022-07-16,DET,PHI,6,8,L
2022-07-16,BAL,COL,5,8,L
2022-07-16,TEX,MIN,3,2,W
2022-07-16,HOU,OAK,5,9,L
2022-07-16,PHI,BOS,4,5,L
2022-07-16,LAA,BOS,4,4,L
2022-07-16,CIN,BAL,6,8,L
2022-07-17,SFG,DET,5,5,L
2022-07-17,COL,CLE,5,4,W
2022-07-17,ARI,TOR,8,3,W
2022-07-17,PIT,CHC,3,4,L
2022-07-17,NYY,LAD,4,2,W
2022-07-17,SFG,OAK,3,4,L
2022-07-17,MIN,MIA,7,3,W
2022-07-17,TBR,OAK,2,4,L
2022-07-17,MIA,LAA,4,5,L
2022-07-17,KCR,PHI,2,4,L
2022-07-17,BAL,LAD,2,3,L
2022-07-17,TBR,ATL,3,6,L
2022-07-17,CLE,KCR,2,3,L
2022-07-17,NYM,PHI,6,5,W
2022-07-17,BOS,CHW,2,2,W
2022-07-17,BOS,DET,4,6,L
2022-07-17,ARI,CLE,3,5,L
2022-07-17,MIA,MIN,1,5,L
2022-07-17,CHC,SEA,4,4,L
2022-07-17,ATL,NYY,7,3,W
2022-07-17,LAD,MIA,3,5,L
2022-07-17,CIN,LAA,3,5,L
2022-07-17,LAD,WSN,4,1,W
2022-07-17,PHI,TBR,6,1,W
2022-07-17,OAK,CHC,10,6,W
2022-07-17,CHW,NYM,8,6,W
2022-07-17,TOR,CHW,5,2,W
2022-07-18,CHC,NYY,5,10,L
2022-07-18,MIN,TEX,2,2,L
2022-07-18,MIL,COL,3,1,W
2022-07-18,HOU,CHC,4,6,L
2022-07-18,LAA,MIA,4,4,W
2022-07-18,SEA,TEX,5,5,W
2022-07-19,CHC,MIA,4,9,L
2022-07-19,WSN,TOR,5,3,W
2022-07-19,TEX,SDP,4,5,L
2022-07-19,SDP,NYY,6,3,W
2022-07-19,MIL,CHC,3,3,W
2022-07-19,CLE,DET,3,8,L
2022-07-19,CLE,ATL,9,2,W
2022-07-19,COL,PHI,6,6,L
2022-07-19,STL,MIN,6,2,W
2022-07-19,ATL,DET,5,5,W
2022-07-19,DET,STL,2,6,L
2022-07-20,ATL,DET,5,5,W
2022-07-20,NYM,TOR,6,5,W
2022-07-20,KCR,BAL,5,7,L
2022-07-20,DET,TBR,4,0,W
2022-07-20,CIN,BOS,6,7,L
2022-07-20,MIA,OAK,7,5,W
2022-07-20,TOR,ARI,3,4,L
2022-07-20,NYY,CHC,2,1,W
2022-07-20,OAK,CIN,6,5,W
2022-07-21,HOU,PHI,10,2,W
2022-07-21,ARI,COL,4,3,W
2022-07-21,DET,BAL,8,4,W
2022-07-21,BOS,NYY,4,2,W
2022-07-21,CHW,KCR,3,7,L
2022-07-21,STL,CHC,4,8,L
2022-07-21,PHI,MIA,4,6,L
2022-07-21,CHW,MIN,0,6,L
2022-07-21,BAL,CIN,4,3,W
2022-07-21,NYM,CHC,4,3,W
2022-07-21,PHI,SDP,6,4,W
2022-07-21,MIN,TBR,8,3,W
2022-07-21,WSN,HOU,5,8,L
2022-07-21,WSN,HOU,3,5,L
2022-07-21,SEA,HOU,6,4,W
2022-07-21,PIT,SDP,4,5,L
2022-07-21,SDP,PHI,6,5,W
2022-07-21,TBR,WSN,6,1,W
2022-07-21,TOR,ATL,5,4,W
2022-07-21,LAD,NYM,5,3,W
2022-07-21,LAA,KCR,5,5,W
2022-07-21,TEX,CHC,5,6,L
2022-07-21,OAK,CLE,5,1,W
2022-07-21,SFG,ARI,5,3,W
2022-07-22,MIA,DET,4,2,W
2022-07-22,CHC,COL,4,1,W
2022-07-22,COL,NYM,6,4,W
2022-07-22,MIL,PIT,5,5,W
2022-07-22,TBR,OAK,5,7,L
2022-07-22,CLE,COL,4,7,L
2022-07-22,BOS,OAK,3,3,L
2022-07-22,PIT,CIN,8,5,W
2022-07-22,ARI,COL,7,7,L
2022-07-22,BAL,SEA,9,3,W
2022-07-22,SFG,TOR,3,2,W
2022-07-22,CIN,HOU,2,3,L
2022-07-22,KCR,COL,6,7,L
2022-07-23,NYY,DET,5,5,L
2022-07-23,MIN,NYM,4,2,W
2022-07-23,HOU,TOR,8,7,W
2022-07-23,STL,MIA,4,8,L
2022-07-23,LAD,CLE,3,5,L
2022-07-23,LAA,COL,3,1,W
2022-07-23,SDP,STL,3,1,W
2022-07-23,TEX,SEA,8,4,W
2022-07-23,SEA,BAL,7,4,W
2022-07-23,ATL,LAA,3,3,W
2022-07-24,PIT,ARI,4,6,L
2022-07-24,KCR,CHC,6,6,L
2022-07-24,MIA,MIL,7,9,L
2022-07-24,TOR,CHC,9,5,W
2022-07-24,HOU,OAK,2,3,L
2022-07-24,WSN,SEA,3,6,L
2022-07-24,CHW,PHI,6,2,W
2022-07-24,BOS,CIN,2,8,L
2022-07-24,SDP,PHI,3,8,L
2022-07-24,ATL,NYY,5,4,W
2022-07-25,LAD,SDP,7,3,W
2022-07-25,DET,NYY,3,6,L
2022-07-25,ARI,STL,4,5,L
2022-07-25,MIN,NYM,2,5,L
2022-07-25,NYM,SFG,6,7,L
2022-07-25,LAA,DET,5,3,W
2022-07-25,SFG,MIL,2,4,L
2022-07-25,TEX,BAL,8,7,W
2022-07-25,STL,CHC,4,2,W
2022-07-26,NYY,NYM,2,6,L
2022-07-26,TOR,OAK,10,9,W
2022-07-26,COL,PHI,7,4,W
2022-07-26,CHC,CIN,5,6,L
2022-07-26,BAL,PHI,4,1,W
2022-07-26,CLE,CHC,3,2,W
2022-07-26,CLE,CIN,5,8,L
2022-07-26,CHC,KCR,6,4,W
2022-07-26,BAL,CHC,4,3,W
2022-07-26,NYM,BAL,3,5,L
2022-07-26,CHW,TEX,8,6,W
2022-07-26,BOS,LAD,3,5,L
2022-07-26,MIL,OAK,4,3,W
2022-07-26,MIL,TBR,3,5,L
2022-07-26,SEA,KCR,2,5,L
2022-07-26,SEA,CLE,2,6,L
2022-07-26,TBR,CLE,3,3,L
2022-07-26,CIN,BAL,5,2,W
2022-07-26,OAK,CHW,3,7,L
2022-07-26,ARI,ATL,4,3,W
2022-07-26,MIN,NYY,4,3,W
2022-07-26,LAD,PHI,4,2,W
2022-07-26,STL,CLE,9,2,W
2022-07-26,PHI,CIN,2,2,W
2022-07-27,TBR,PHI,4,5,L
2022-07-27,SFG,PHI,4,4,L
2022-07-27,DET,CLE,3,8,L
2022-07-27,COL,NYM,3,7,L
2022-07-27,KCR,NYY,6,3,W
2022-07-27,PHI,SDP,5,3,W
2022-07-27,WSN,CIN,1,8,L
2022-07-27,HOU,WSN,2,1,W
2022-07-27,CIN,MIL,7,5,W
2022-07-27,MIA,LAD,6,7,L
2022-07-27,SDP,TBR,7,2,W
2022-07-28,NYY,TBR,3,2,W
2022-07-28,BOS,MIN,4,7,L
2022-07-28,TBR,DET,8,4,W
2022-07-28,PIT,MIL,2,3,L
2022-07-28,TEX,CHC,7,4,W
2022-07-28,KCR,MIL,3,5,L
2022-07-28,LAA,SFG,6,9,L
2022-07-28,MIA,TBR,2,4,L
2022-07-28,DET,MIA,4,7,L
2022-07-28,NYM,ATL,3,2,W
2022-07-28,ATL,CHW,2,1,W
2022-07-28,OAK,COL,2,6,L
2022-07-28,STL,CIN,3,7,L
2022-07-28,SDP,SFG,0,5,L
2022-07-28,LAA,SEA,4,8,L
2022-07-29,PHI,CLE,7,6,W
2022-07-29,MIN,BOS,5,5,L
2022-07-29,HOU,WSN,3,3,W
2022-07-29,CIN,BOS,6,0,W
2022-07-29,NYY,MIL,8,4,W
2022-07-29,CLE,LAA,3,3,L
2022-07-29,CHC,BAL,12,3,W
2022-07-29,ARI,STL,2,8,L
2022-07-29,COL,LAD,5,3,W
2022-07-30,STL,SEA,5,8,L
2022-07-30,COL,TEX,2,4,L
2022-07-30,LAD,MIA,5,8,L
2022-07-30,CIN,PIT,6,6,W
2022-07-30,OAK,COL,5,4,W
2022-07-30,OAK,TBR,4,3,W
2022-07-30,ATL,MIN,7,3,W
2022-07-30,TOR,BAL,4,3,W
2022-07-30,WSN,STL,3,5,L
2022-07-30,WSN,LAA,3,6,L
2022-07-30,TEX,CHC,6,8,L
2022-07-30,DET,SEA,7,8,L
2022-07-30,MIL,ARI,6,5,W
2022-07-30,MIL,BAL,2,4,L
2022-07-30,KCR,WSN,1,5,L
2022-07-30,CHW,NYY,3,7,L
2022-07-30,SEA,LAA,5,2,W
2022-07-30,SEA,CLE,4,7,L
2022-07-30,PIT,SEA,5,3,W
2022-07-30,PIT,CHW,5,10,L
2022-07-30,BAL,LAA,3,2,W
2022-07-30,SFG,BOS,6,7,L
2022-07-30,CHC,DET,4,3,W
2022-07-31,LAD,TOR,6,6,W
2022-07-31,ATL,CHC,7,4,W
2022-07-31,TBR,BAL,7,7,W
2022-07-31,SDP,NYM,4,4,W
2022-07-31,LAA,COL,2,4,L
2022-07-31,MIN,BAL,9,4,W
2022-07-31,CLE,MIL,6,9,L
2022-07-31,CHW,PIT,3,5,L
2022-07-31,NYM,PIT,5,6,L
2022-08-01,HOU,PIT,6,3,W
2022-08-01,PHI,BAL,8,4,W
2022-08-01,MIA,CIN,8,6,W
2022-08-01,NYY,HOU,5,2,W
2022-08-01,BAL,LAA,7,1,W
2022-08-01,SFG,ARI,5,8,L
2022-08-01,TEX,WSN,3,6,L
2022-08-01,TOR,CHW,7,3,W
2022-08-01,BOS,CIN,6,4,W
2022-08-01,ARI,DET,0,7,L
2022-08-02,PIT,HOU,3,2,W
2022-08-02,KCR,MIL,7,1,W
2022-08-02,MIN,ATL,4,6,L
2022-08-02,SFG,CHW,9,6,W
2022-08-02,STL,CIN,6,8,L
2022-08-02,BAL,TEX,4,3,W
2022-08-02,CHW,CLE,5,4,W
2022-08-02,OAK,CLE,2,1,W
2022-08-02,SEA,LAD,5,5,L
2022-08-03,ARI,BOS,6,6,W
2022-08-03,TBR,ATL,7,3,W
2022-08-03,NYM,CHW,5,8,L
2022-08-03,LAA,CIN,7,6,W
2022-08-03,CHC,SDP,3,1,W
2022-08-03,MIL,ATL,6,7,L
2022-08-03,LAD,CIN,2,0,W
2022-08-03,CIN,SDP,6,7,L
2022-08-03,SDP,TBR,3,7,L
2022-08-03,COL,CHW,5,4,W
2022-08-03,BOS,MIN,7,9,L
2022-08-04,CHC,NYM,5,3,W
2022-08-04,ATL,PHI,4,3,W
2022-08-04,CLE,WSN,6,4,W
2022-08-04,ATL,MIL,4,7,L
2022-08-04,TEX,MIN,2,4,L
2022-08-04,TEX,PIT,3,9,L
2022-08-04,TBR,CHW,4,5,L
2022-08-04,CLE,MIA,1,7,L
2022-08-04,NYY,COL,4,6,L
2022-08-04,TOR,ATL,7,8,L
2022-08-04,HOU,ARI,5,6,L
2022-08-04,LAD,CHC,6,6,W
2022-08-04,MIA,ATL,5,3,W
2022-08-04,WSN,HOU,6,4,W
2022-08-04,WSN,SEA,5,8,L
2022-08-04,LAA,PIT,5,0,W
2022-08-04,PHI,WSN,3,3,L
2022-08-04,DET,LAA,5,7,L
2022-08-04,BOS,TOR,7,3,W
2022-08-04,KCR,STL,1,2,L
2022-08-05,NYM,STL,7,5,W
2022-08-05,SDP,MIN,2,6,L
2022-08-05,OAK,SDP,8,4,W
2022-08-05,CIN,KCR,4,3,W
2022-08-05,ARI,CHW,6,6,W
2022-08-05,MIL,CIN,7,4,W
2022-08-05,BAL,CLE,6,5,W
2022-08-05,MIA,TOR,4,2,W
2022-08-05,NYY,TBR,6,2,W
2022-08-05,PHI,CLE,8,4,W
2022-08-05,SFG,LAA,4,9,L
2022-08-06,MIL,NYY,2,1,W
2022-08-06,SEA,COL,5,3,W
2022-08-06,PIT,DET,6,2,W
2022-08-06,PIT,CHW,6,5,W
2022-08-06,CHW,BAL,4,5,L
2022-08-06,DET,MIN,6,5,W
2022-08-06,MIN,STL,5,4,W
2022-08-06,LAA,TOR,5,2,W
2022-08-06,DET,CHC,5,4,W
2022-08-06,MIA,NYY,4,8,L
2022-08-06,PHI,TBR,3,1,W
2022-08-06,TEX,LAA,9,9,L
2022-08-06,COL,NYY,5,4,W
2022-08-06,NYM,CHW,4,4,W
2022-08-06,TOR,HOU,8,6,W
2022-08-06,CHC,TBR,3,3,W
2022-08-06,HOU,SFG,7,4,W
2022-08-06,HOU,COL,3,4,L
2022-08-06,STL,HOU,3,6,L
2022-08-06,BAL,DET,6,8,L
2022-08-06,TOR,CIN,6,3,W
2022-08-07,WSN,KCR,8,4,W
2022-08-07,SEA,KCR,6,6,L
2022-08-07,TBR,SDP,3,1,W
2022-08-07,MIN,LAA,4,3,W
2022-08-07,CHW,STL,5,4,W
2022-08-07,BOS,CIN,5,5,W
2022-08-07,SFG,CIN,6,5,W
2022-08-07,ARI,CIN,7,4,W
2022-08-07,OAK,STL,4,3,W
2022-08-07,COL,CHC,1,7,L
2022-08-07,SDP,PIT,4,4,W
2022-08-08,WSN,SDP,9,7,W
2022-08-08,CHW,TEX,1,4,L
2022-08-08,LAD,SFG,3,5,L
2022-08-08,STL,MIA,4,11,L
2022-08-08,DET,SFG,4,5,L
2022-08-08,CLE,TEX,6,6,L
2022-08-08,LAD,WSN,7,8,L
2022-08-08,KCR,LAA,7,2,W
2022-08-08,LAA,BAL,2,5,L
2022-08-08,MIA,TBR,7,3,W
2022-08-08,BOS,OAK,7,6,W
2022-08-08,ATL,DET,4,8,L
2022-08-08,CIN,MIN,6,5,W
2022-08-08,NYY,KCR,8,3,W
2022-08-09,CIN,DET,1,2,L
2022-08-09,NYY,SEA,5,10,L
2022-08-09,NYM,TEX,10,7,W
2022-08-09,SEA,LAD,5,4,W
2022-08-09,TEX,ATL,5,5,L
2022-08-09,PHI,HOU,6,4,W
2022-08-09,ATL,BAL,6,7,L
2022-08-09,COL,TOR,4,4,W
2022-08-09,MIL,OAK,3,7,L
2022-08-09,HOU,BAL,6,5,W
2022-08-10,BAL,ARI,5,8,L
2022-08-10,TOR,SEA,4,3,W
2022-08-10,TBR,BAL,5,6,L
2022-08-10,PIT,CLE,6,4,W
2022-08-10,OAK,PHI,3,6,L
2022-08-10,STL,TEX,2,3,L
2022-08-10,CLE,HOU,7,7,L
2022-08-10,CHC,OAK,2,7,L
2022-08-10,MIN,BOS,5,8,L
2022-08-10,SDP,OAK,2,8,L
2022-08-10,ARI,LAD,4,4,L
2022-08-10,SFG,MIN,4,1,W
2022-08-10,KCR,MIN,3,3,L
2022-08-11,ARI,SFG,2,5,L
2022-08-11,TOR,PIT,5,5,L
2022-08-11,KCR,WSN,10,2,W
2022-08-11,CLE,ATL,4,3,W
2022-08-12,SDP,TEX,6,2,W
2022-08-12,CHC,SFG,6,5,W
2022-08-12,SFG,ARI,10,9,W
2022-08-12,WSN,STL,5,8,L
2022-08-12,HOU,TOR,2,7,L
2022-08-12,NYM,WSN,4,4,W
2022-08-12,CHW,CIN,6,4,W
2022-08-12,CIN,PIT,2,5,L
2022-08-12,ATL,TOR,12,4,W
2022-08-12,BAL,KCR,6,4,W
2022-08-12,COL,KCR,3,7,L
2022-08-12,SEA,CHW,3,2,W
2022-08-12,NYY,LAA,6,4,W
2022-08-12,PIT,DET,4,2,W
2022-08-12,LAA,PHI,3,5,L
2022-08-12,TBR,BAL,3,6,L
2022-08-13,PHI,COL,7,3,W
2022-08-13,PHI,ATL,6,4,W
2022-08-13,TBR,HOU,6,4,W
2022-08-13,OAK,STL,3,3,W
2022-08-13,MIL,LAA,4,7,L
2022-08-13,ATL,CHW,1,4,L
2022-08-13,MIA,PIT,8,8,W
2022-08-13,CHW,CHC,5,4,W
2022-08-13,NYM,LAD,2,4,L
2022-08-13,CLE,STL,4,4,W
2022-08-13,TEX,MIA,5,3,W
2022-08-13,LAD,KCR,8,5,W
2022-08-13,CHC,NYM,8,6,W
2022-08-13,MIN,NYM,2,3,L
2022-08-13,COL,MIN,3,6,L
2022-08-13,BOS,DET,6,2,W
2022-08-13,DET,PHI,7,2,W
2022-08-13,LAD,BAL,6,7,L
2022-08-13,STL,BOS,3,5,L
2022-08-13,SDP,KCR,2,4,L
2022-08-14,ARI,OAK,4,4,L
2022-08-14,BOS,CIN,6,4,W
2022-08-14,OAK,PIT,8,9,L
2022-08-14,PIT,BAL,7,4,W
2022-08-14,STL,ATL,3,5,L
2022-08-14,SFG,CHC,2,4,L
2022-08-14,BAL,CIN,3,3,W
2022-08-14,KCR,MIL,5,6,L
2022-08-15,SEA,LAA,1,7,L
2022-08-15,SFG,CIN,5,9,L
2022-08-15,OAK,SEA,6,5,W
2022-08-15,DET,KCR,4,7,L
2022-08-15,ATL,TEX,1,5,L
2022-08-15,SEA,COL,1,4,L
2022-08-15,WSN,LAD,3,4,L
2022-08-15,MIN,BAL,5,6,L
2022-08-15,MIN,MIL,4,4,L
2022-08-15,LAA,MIA,4,3,W
2022-08-15,LAA,NYM,4,3,W
2022-08-15,ARI,CHC,4,2,W
2022-08-15,MIA,LAA,4,4,L
2022-08-15,MIL,NYM,5,8,L
2022-08-15,TOR,SEA,6,3,W
2022-08-15,HOU,MIA,4,1,W
2022-08-15,SDP,ARI,6,4,W
2022-08-15,TOR,LAD,4,15,L
2022-08-15,TEX,TBR,6,5,W
2022-08-15,KCR,MIN,2,2,W
2022-08-15,BOS,SEA,5,3,W
2022-08-15,CIN,HOU,6,4,W
2022-08-15,NYY,SFG,4,2,W
2022-08-15,HOU,ARI,5,2,W
2022-08-15,NYY,STL,7,7,L
2022-08-15,TBR,SDP,4,5,L
2022-08-15,MIL,PIT,4,2,W
2022-08-16,CLE,TEX,5,6,L
2022-08-16,NYM,LAD,4,8,L
2022-08-16,COL,ATL,7,5,W
2022-08-16,PHI,DET,4,4,L
2022-08-16,PIT,SEA,4,6,L
2022-08-17,NYY,SDP,1,7,L
2022-08-17,MIA,TOR,1,4,L
2022-08-17,CHC,HOU,6,3,W
2022-08-17,TEX,NYM,3,4,L
2022-08-17,STL,CHC,4,5,L
2022-08-17,COL,LAA,5,7,L
2022-08-17,SFG,CHW,5,6,L
2022-08-17,LAD,HOU,4,4,W
2022-08-17,MIN,ATL,3,5,L
2022-08-17,TOR,HOU,4,5,L
2022-08-17,CHW,BAL,6,5,W
2022-08-17,MIL,ATL,5,4,W
2022-08-17,BAL,TOR,3,3,W
2022-08-17,DET,BAL,4,6,L
2022-08-17,OAK,ARI,5,8,L
2022-08-17,LAD,MIA,4,3,W
2022-08-17,WSN,CHW,5,9,L
2022-08-17,CIN,ATL,5,2,W
2022-08-18,TBR,SEA,2,1,W
2022-08-18,BAL,PHI,5,5,L
2022-08-18,ARI,MIA,1,1,L
2022-08-18,LAA,CHW,5,3,W
2022-08-18,TEX,WSN,4,2,W
2022-08-18,SDP,LAA,5,3,W
2022-08-18,PHI,HOU,3,1,W
2022-08-18,CHC,SEA,4,2,W
2022-08-18,STL,ARI,2,4,L
2022-08-18,KCR,MIN,2,4,L
2022-08-19,CLE,TOR,10,1,W
2022-08-19,SEA,CLE,7,6,W
2022-08-19,WSN,DET,1,6,L
2022-08-19,PIT,COL,5,6,L
2022-08-19,CIN,WSN,3,7,L
2022-08-19,NYM,PHI,3,6,L
2022-08-19,HOU,MIN,4,5,L
2022-08-19,MIA,ARI,5,6,L
2022-08-19,DET,BOS,7,2,W
2022-08-19,BOS,OAK,7,4,W
2022-08-19,CHW,COL,4,2,W
2022-08-19,ATL,CIN,4,3,W
2022-08-20,PHI,STL,3,9,L
2022-08-20,LAA,CHC,3,5,L
2022-08-20,SFG,CHC,4,8,L
2022-08-20,SEA,PHI,8,10,L
2022-08-20,COL,LAD,4,2,W
2022-08-20,LAD,BOS,3,5,L
2022-08-20,CLE,CHC,3,8,L
2022-08-20,BAL,TBR,6,3,W
2022-08-20,CIN,MIA,7,4,W
2022-08-20,WSN,ATL,1,8,L
2022-08-20,OAK,LAA,3,3,W
2022-08-20,MIN,LAD,2,6,L
2022-08-21,TEX,NYM,2,3,L
2022-08-21,BOS,CHW,7,4,W
2022-08-21,TBR,PHI,7,2,W
2022-08-21,PIT,DET,2,5,L
2022-08-21,ATL,SFG,8,3,W
2022-08-21,CHC,TBR,4,3,W
2022-08-21,MIL,MIA,6,2,W
2022-08-21,STL,TOR,6,2,W
2022-08-21,MIA,OAK,4,4,W
2022-08-21,NYY,TEX,4,1,W
2022-08-21,HOU,BAL,4,5,L
2022-08-22,SFG,SEA,3,4,L
2022-08-22,ARI,DET,5,5,L
2022-08-22,NYM,ATL,3,5,L
2022-08-22,TOR,CLE,4,5,L
2022-08-22,ATL,OAK,5,4,W
2022-08-22,LAD,BOS,5,3,W
2022-08-22,KCR,NYY,5,4,W
2022-08-22,CHW,ATL,7,0,W
2022-08-22,DET,TBR,4,7,L
2022-08-22,CIN,TBR,3,7,L
2022-08-22,HOU,NYY,4,4,W
2022-08-22,BOS,MIA,4,5,L
2022-08-22,ARI,STL,10,7,W
2022-08-22,SDP,TBR,4,3,W
2022-08-23,LAA,CHC,3,6,L
2022-08-23,MIA,WSN,2,11,L
2022-08-23,PIT,MIA,7,3,W
2022-08-23,SEA,SFG,5,3,W
2022-08-23,KCR,MIA,6,3,W
2022-08-23,OAK,MIN,5,7,L
2022-08-23,NYY,CIN,2,3,L
2022-08-23,COL,SDP,7,4,W
2022-08-23,STL,MIN,6,5,W
2022-08-23,CHC,SDP,5,7,L
2022-08-23,MIN,CLE,9,3,W
2022-08-23,MIL,CIN,3,8,L
2022-08-23,CHW,DET,8,4,W
2022-08-23,WSN,TBR,9,2,W
2022-08-23,TEX,TBR,6,0,W
2022-08-24,SDP,MIN,4,6,L
2022-08-24,NYM,KCR,2,8,L
2022-08-24,SEA,BOS,5,6,L
2022-08-24,PIT,SDP,3,8,L
2022-08-24,KCR,LAD,7,3,W
2022-08-24,MIN,OAK,4,5,L
2022-08-24,OAK,NYM,4,5,L
2022-08-24,BAL,KCR,5,4,W
2022-08-24,HOU,LAA,5,5,W
2022-08-24,DET,BAL,2,5,L
2022-08-24,TOR,NYM,3,3,L
2022-08-24,LAA,CHC,7,6,W
2022-08-24,CHW,LAA,5,1,W
2022-08-24,TBR,CHW,4,1,W
2022-08-24,CLE,BOS,2,16,L
2022-08-24,PHI,SFG,6,3,W
2022-08-25,TEX,STL,4,3,W
2022-08-25,SDP,CHC,2,5,L
2022-08-25,COL,MIN,8,4,W
2022-08-25,MIL,MIA,3,7,L
2022-08-25,TOR,PHI,7,5,W
2022-08-25,CHC,ARI,6,6,W
2022-08-25,WSN,OAK,5,4,W
2022-08-25,ARI,MIA,4,4,L
2022-08-25,CIN,OAK,7,4,W
2022-08-25,NYM,CLE,1,5,L
2022-08-25,BOS,MIN,4,4,L
2022-08-25,PHI,MIL,3,8,L
2022-08-25,TBR,COL,2,10,L
2022-08-25,BAL,SDP,4,5,L
2022-08-26,LAD,OAK,3,4,L
2022-08-26,LAA,SFG,5,2,W
2022-08-26,MIL,TEX,2,4,L
2022-08-26,MIA,LAA,4,5,L
2022-08-26,COL,STL,5,4,W
2022-08-26,SFG,MIL,2,3,L
2022-08-26,NYM,MIL,3,4,L
2022-08-26,DET,WSN,4,3,W
2022-08-26,LAD,NYM,6,5,W
2022-08-26,SFG,KCR,6,6,L
2022-08-26,BAL,BOS,3,6,L
2022-08-26,SDP,LAD,3,6,L
2022-08-26,CHW,TEX,3,4,L
2022-08-26,ATL,HOU,6,4,W
2022-08-26,ATL,SFG,6,3,W
2022-08-26,NYY,TEX,6,3,W
2022-08-26,KCR,PIT,3,3,W
2022-08-26,HOU,ARI,3,6,L
2022-08-26,CLE,NYY,5,2,W
2022-08-26,STL,BOS,5,3,W
2022-08-27,TEX,CHC,6,3,W
2022-08-27,MIN,NYM,6,5,W
2022-08-27,SEA,STL,4,1,W
2022-08-27,CIN,MIN,4,4,W
2022-08-27,PHI,MIA,5,4,W
2022-08-27,OAK,SDP,4,4,L
2022-08-27,TBR,BAL,8,6,W
2022-08-27,CLE,CIN,5,8,L
2022-08-27,STL,WSN,6,6,L
2022-08-28,NYY,LAA,3,2,W
2022-08-28,TOR,CLE,3,1,W
2022-08-28,MIA,CIN,7,6,W
2022-08-28,PIT,MIN,6,5,W
2022-08-28,DET,WSN,3,3,W
2022-08-28,ARI,STL,2,2,L
2022-08-28,WSN,TEX,3,6,L
2022-08-28,CHC,DET,7,3,W
2022-08-28,BOS,WSN,3,8,L
2022-08-29,LAD,CIN,6,4,W
2022-08-29,COL,PIT,4,4,L
2022-08-29,OAK,KCR,4,6,L
2022-08-29,TBR,CHC,4,4,W
2022-08-29,SEA,PIT,4,2,W
2022-08-29,PHI,CHW,4,4,W
2022-08-29,NYM,MIA,6,2,W
2022-08-29,BOS,TEX,5,8,L
2022-08-29,PIT,MIA,2,10,L
2022-08-29,TOR,SFG,4,7,L
2022-08-29,ATL,MIA,4,5,L
2022-08-30,NYY,SEA,2,3,L
2022-08-30,STL,HOU,3,4,L
2022-08-30,CHC,MIN,6,2,W
2022-08-30,CHW,LAD,3,6,L
2022-08-30,SFG,OAK,7,7,W
2022-08-30,ARI,TEX,4,2,W
2022-08-30,DET,CHW,4,2,W
2022-08-30,CLE,LAA,4,4,W
2022-08-30,HOU,MIL,5,3,W
2022-08-30,SDP,ARI,4,5,L
2022-08-30,CIN,TOR,6,4,W
2022-08-30,MIA,PHI,6,3,W
2022-08-30,LAA,TOR,2,6,L
2022-08-30,KCR,CLE,7,6,W
2022-08-31,ARI,DET,3,1,W
2022-08-31,BAL,MIL,4,3,W
2022-08-31,MIN,WSN,2,3,L
2022-08-31,WSN,BAL,4,1,W
2022-08-31,MIN,OAK,3,4,L
2022-08-31,MIL,NYY,5,6,L
2022-08-31,DET,SFG,7,8,L
2022-08-31,TEX,SDP,4,7,L
2022-08-31,STL,ARI,4,3,W
2022-08-31,ATL,KCR,3,6,L
2022-08-31,CIN,DET,2,5,L
2022-08-31,BOS,CHW,6,7,L
2022-08-31,TOR,COL,8,4,W
2022-08-31,BAL,SEA,3,5,L
2022-09-01,KCR,HOU,4,3,W
2022-09-01,OAK,TEX,4,6,L
2022-09-01,TBR,SFG,4,1,W
2022-09-01,CLE,SFG,3,4,L
2022-09-01,NYM,ARI,7,11,L
2022-09-01,CHC,TEX,5,4,W
2022-09-01,MIL,PIT,4,4,L
2022-09-01,SEA,DET,7,5,W
2022-09-01,TEX,MIN,7,5,W
2022-09-01,SDP,BAL,4,4,W
2022-09-01,PIT,BOS,7,7,L
2022-09-02,WSN,MIL,4,4,L
2022-09-02,TBR,CLE,6,4,W
2022-09-02,COL,DET,4,4,L
2022-09-02,MIA,KCR,6,2,W
2022-09-02,COL,SEA,4,4,L
2022-09-02,ARI,TEX,4,3,W
2022-09-02,TEX,NYY,7,6,W
2022-09-02,HOU,CHC,4,4,L
2022-09-02,BAL,STL,3,6,L
2022-09-02,LAA,NYM,3,8,L
2022-09-02,MIL,MIA,2,4,L
2022-09-02,PIT,PHI,6,4,W
2022-09-02,SDP,BOS,2,6,L
2022-09-02,CLE,ATL,3,8,L
2022-09-02,LAD,NYM,10,5,W
2022-09-02,NYY,CIN,3,7,L
2022-09-02,NYY,CHC,1,5,L
2022-09-02,BOS,SFG,0,8,L
2022-09-02,SFG,TBR,6,5,W
2022-09-02,PHI,COL,1,7,L
2022-09-02,CHW,PIT,2,4,L
2022-09-02,SFG,CLE,4,2,W
2022-09-03,MIN,SFG,7,5,W
2022-09-03,KCR,PHI,6,8,L
2022-09-03,NYM,LAD,7,4,W
2022-09-03,CIN,NYM,1,5,L
2022-09-03,WSN,CLE,2,2,L
2022-09-03,DET,COL,7,4,W
2022-09-03,CHW,CHC,2,2,W
2022-09-03,STL,WSN,4,2,W
2022-09-03,ATL,SFG,5,0,W
2022-09-04,OAK,SFG,5,5,L
2022-09-04,HOU,DET,4,5,L
2022-09-04,MIA,TBR,5,7,L
2022-09-04,BAL,OAK,2,1,W
2022-09-04,PIT,SEA,3,6,L
2022-09-04,LAD,MIA,5,4,W
2022-09-04,SEA,CIN,4,5,L
2022-09-04,CHC,CIN,3,2,W
2022-09-04,COL,WSN,3,6,L
2022-09-04,CHC,NYY,7,3,W
2022-09-04,CLE,DET,2,5,L
2022-09-04,LAA,PHI,5,2,W
2022-09-04,TOR,STL,3,10,L
2022-09-04,PHI,LAD,4,5,L
2022-09-05,MIN,OAK,4,6,L
2022-09-05,LAA,SDP,3,2,W
2022-09-05,CIN,LAD,11,2,W
2022-09-05,NYM,TBR,5,2,W
2022-09-05,ARI,STL,4,1,W
2022-09-05,SFG,NYM,2,1,W
2022-09-05,WSN,BAL,5,6,L
2022-09-05,SDP,CHW,4,5,L
2022-09-05,OAK,MIA,5,10,L
2022-09-05,STL,PIT,4,4,W
2022-09-05,SEA,TBR,5,2,W
2022-09-05,NYY,PIT,2,3,L
2022-09-05,MIA,KCR,2,2,W
2022-09-05,CHW,BOS,3,7,L
2022-09-06,MIL,CHW,8,5,W
2022-09-06,ATL,KCR,8,1,W
2022-09-06,KCR,NYM,2,3,L
2022-09-06,TEX,BOS,4,7,L
2022-09-06,TBR,CLE,3,4,L
2022-09-06,DET,COL,6,3,W
2022-09-06,PHI,BAL,5,6,L
2022-09-06,LAD,SFG,1,6,L
2022-09-06,TOR,STL,4,3,W
2022-09-06,HOU,MIN,4,1,W
2022-09-06,BOS,ARI,1,0,W
2022-09-07,LAA,TBR,5,3,W
2022-09-07,CHC,BAL,4,4,L
2022-09-07,HOU,SEA,3,6,L
2022-09-07,TEX,SDP,4,5,L
2022-09-07,CIN,MIN,4,7,L
2022-09-07,NYY,CLE,4,12,L
2022-09-07,BOS,COL,3,6,L
2022-09-07,WSN,DET,5,4,W
2022-09-07,PIT,LAA,4,7,L
2022-09-07,TOR,PIT,2,6,L
2022-09-07,SDP,LAA,5,9,L
2022-09-07,ATL,MIL,4,3,W
2022-09-08,TBR,KCR,2,4,L
2022-09-08,CLE,MIA,7,6,W
2022-09-08,LAD,COL,5,7,L
2022-09-08,CHW,STL,8,8,W
2022-09-08,ARI,SDP,2,5,L
2022-09-08,PHI,TOR,5,3,W
2022-09-08,SFG,PHI,3,6,L
2022-09-08,NYM,SEA,2,4,L
2022-09-08,KCR,PIT,1,4,L
2022-09-08,DET,PIT,2,5,L
2022-09-08,MIL,CHC,2,4,L
2022-09-08,MIA,SEA,3,2,W
2022-09-09,PHI,OAK,6,4,W
2022-09-09,LAD,LAA,1,4,L
2022-09-09,MIL,SDP,2,9,L
2022-09-09,TEX,NYY,7,4,W
2022-09-09,BAL,DET,4,7,L
2022-09-09,BAL,OAK,6,6,L
2022-09-09,STL,OAK,3,5,L
2022-09-09,STL,CHC,4,2,W
2022-09-09,CLE,DET,6,4,W
2022-09-09,MIN,SEA,6,8,L
2022-09-09,MIN,CIN,2,2,L
2022-09-09,SEA,SFG,5,5,L
2022-09-09,WSN,COL,5,2,W
2022-09-09,HOU,TEX,6,8,L
2022-09-09,OAK,STL,2,2,L
2022-09-09,COL,PIT,3,3,L
2022-09-10,NYM,OAK,6,7,L
2022-09-10,BOS,LAA,8,2,W
2022-09-10,CHW,LAD,5,5,W
2022-09-10,NYY,ARI,4,5,L
2022-09-10,OAK,CHC,6,2,W
2022-09-10,TBR,TEX,7,3,W
2022-09-10,DET,BAL,3,2,W
2022-09-10,SEA,CHW,5,5,W
2022-09-10,CIN,COL,5,3,W
2022-09-10,ATL,ARI,3,4,L
2022-09-10,CHC,TOR,3,3,L
2022-09-10,KCR,MIA,6,3,W
2022-09-10,SFG,TEX,2,8,L
2022-09-10,SDP,LAD,3,6,L
2022-09-10,TOR,SDP,1,5,L
2022-09-11,COL,SDP,2,6,L
2022-09-11,MIA,COL,7,3,W
2022-09-11,NYM,NYY,4,3,W
2022-09-11,DET,CIN,1,4,L
2022-09-11,SFG,ATL,6,4,W
2022-09-11,PIT,PHI,6,7,L
2022-09-11,LAA,NYY,4,4,W
2022-09-11,TEX,KCR,6,8,L
2022-09-11,LAA,TOR,2,3,L
2022-09-11,PHI,BOS,4,5,L
2022-09-11,MIA,MIL,8,5,W
2022-09-11,CIN,MIN,5,1,W
2022-09-11,ARI,LAA,4,5,L
2022-09-11,SEA,MIA,3,3,L
2022-09-11,ARI,NYM,7,3,W
2022-09-11,TBR,NYM,5,5,L
2022-09-12,KCR,MIA,8,5,W
2022-09-12,ATL,SDP,7,4,W
2022-09-12,LAD,MIN,7,4,W
2022-09-12,MIN,DET,0,4,L
2022-09-12,STL,CLE,2,4,L
2022-09-12,OAK,TEX,2,4,L
2022-09-12,CLE,TOR,4,6,L
2022-09-12,BAL,DET,6,3,W
2022-09-13,WSN,BAL,2,0,W
2022-09-13,CLE,PHI,3,4,L
2022-09-13,DET,TEX,5,3,W
2022-09-13,LAA,CLE,8,2,W
2022-09-13,NYY,PHI,2,3,L
2022-09-13,HOU,KCR,5,8,L
2022-09-13,HOU,ARI,3,9,L
2022-09-13,WSN,OAK,3,5,L
2022-09-13,MIN,HOU,6,4,W
2022-09-13,BAL,NYM,8,8,W
2022-09-13,COL,PIT,6,3,W
2022-09-13,TOR,DET,5,7,L
2022-09-13,CHW,BAL,4,6,L
2022-09-13,STL,CHC,4,3,W
2022-09-13,PIT,SFG,8,2,W
2022-09-13,PIT,PHI,5,5,W
2022-09-13,BOS,WSN,2,5,L
2022-09-13,COL,ARI,4,4,W
2022-09-13,CHC,LAD,4,3,W
2022-09-13,SEA,ATL,7,2,W
2022-09-13,MIL,OAK,4,4,W
2022-09-13,CHC,TOR,3,3,L
2022-09-13,KCR,OAK,4,4,W
2022-09-13,SDP,LAD,7,5,W
2022-09-13,CHW,STL,5,2,W
2022-09-14,TEX,HOU,5,3,W
2022-09-14,ATL,WSN,2,5,L
2022-09-14,SDP,MIL,6,7,L
2022-09-14,NYM,LAD,8,8,W
2022-09-14,TBR,STL,5,8,L
2022-09-14,MIL,CIN,5,4,W
2022-09-14,CIN,SFG,5,3,W
2022-09-14,NYY,LAA,3,4,L
2022-09-15,MIA,MIL,6,3,W
2022-09-15,OAK,ATL,0,4,L
2022-09-15,SFG,CLE,6,3,W
2022-09-15,TOR,PIT,7,4,W
2022-09-15,PHI,CHW,9,4,W
2022-09-15,BOS,WSN,6,4,W
2022-09-15,ARI,TOR,4,3,W
2022-09-15,LAD,CLE,5,6,L
